spectrum,wavenumber,persistence,prominence,matched,essential,edge,n_topological,n_peaks,summary
0,1100.3134203945542,1.0,0.8789274422811338,True,True,False,,,
0,1217.8505140316756,0.44281639641110837,0.44281639641110837,True,False,False,,,
0,2853.6560155598777,0.39225472218142066,0.3741556596421506,True,False,False,,,
0,1531.6065573770493,0.3743229726595737,0.3743229726595737,True,False,False,,,
0,1705.4837454848569,0.3088328897829769,0.3088328897829769,True,False,False,,,
0,508.7424284523479,0.28799069573709923,0.10002390077432938,True,False,True,,,
0,1413.098082800778,0.18344528241642738,0.18344528241642738,True,False,False,,,
0,1598.6318421783828,0.1781399511027343,0.1781399511027343,True,False,False,,,
0,1309.1603223117531,0.15835436063769073,0.15835436063769073,True,False,False,,,
0,1369.3859405390385,0.14301492277180716,0.14301492277180716,True,False,False,,,
0,815.6988052236733,0.13315216924773346,0.13315216924773346,True,False,False,,,
0,2939.137538205057,0.111691035961205,0.111691035961205,True,False,False,,,
0,767.129758266185,0.11104465666820454,0.11104465666820454,True,False,False,,,
0,1066.3150875243123,0.06602360442473099,0.06602360442473099,True,False,False,,,
0,3310.205056960267,0.060471769833502644,0.060471769833502644,True,False,False,,,
0,712.7324256737983,0.0541768075363078,0.0541768075363078,True,False,False,,,
0,1017.7460405668241,0.041128796657208755,0.041128796657208755,True,False,False,,,
0,1446.12503473187,0.03746196313382702,0.03746196313382702,True,False,False,,,
0,2796.3445401500417,0.030267066450331642,0.030267066450331642,True,False,False,,,
0,607.8232842456238,0.027468773186287626,0.027468773186287626,True,False,False,,,
0,657.3637121422618,0.022266469734652822,0.022266469734652822,True,False,False,,,
0,1484.9802722978607,0.017969952339515205,0.017969952339515205,True,False,False,,,
0,1729.768268963601,0.017446813962282204,0.017446813962282204,True,False,False,,,
0,2079.465407057516,0.017160774677875162,0.017160774677875162,True,False,False,,,
0,960.4345651569881,0.015159568715155558,0.015159568715155558,True,False,False,,,
0,996.3756599055293,0.01145332586639608,0.01145332586639608,True,False,False,,,
0,2166.8896915809946,0.011024546962251549,0.011024546962251549,True,False,False,,,
0,558.2828563489859,0.010513577617048658,0.010513577617048658,True,False,False,,,
0,1988.1555987774382,0.008972400344346548,0.008972400344346548,True,False,False,,,
0,576.7390941928313,0.008933539283262598,0.008933539283262598,True,False,False,,,
0,3902.7474298416228,0.008707466495643131,0.004013714095667555,True,False,False,,,
0,638.9074742984162,0.008211967102454032,0.008211967102454032,True,False,False,,,
0,3121.757154765213,0.00813797736019898,0.00813797736019898,True,False,False,,,
0,2322.310641844957,0.007943650501561185,0.007943650501561185,True,False,False,,,
0,2026.0394554042791,0.006815353913735179,0.006815353913735179,True,False,False,,,
0,3041.1325368157823,0.006726714567667914,0.006726714567667914,True,False,False,,,
0,549.540427896638,0.006582336401943889,0.006582336401943889,True,False,False,,,
0,1648.1722700750208,0.006370410624917527,0.006370410624917527,True,False,False,,,
0,2007.5832175604335,0.005866244379678491,0.005866244379678491,True,False,False,,,
0,3840.579049736038,0.005830207259867978,0.005830207259867978,True,False,False,,,
0,1901.7026951931093,0.004712572302427741,0.004712572302427741,True,False,False,,,
0,2142.605168102251,0.0045943931746599345,0.0045943931746599345,True,False,False,,,
0,1942.5006946373994,0.004455951243806728,0.004455951243806728,True,False,False,,,
0,3649.2170047235345,0.00424874767630096,0.00424874767630096,True,False,False,,,
0,3724.0133370380663,0.004226197096453853,0.004226197096453853,True,False,False,,,
0,1958.0427896637955,0.004225722528908096,0.004225722528908096,True,False,False,,,
0,2050.3239788830233,0.004087957969935756,0.004087957969935756,True,False,False,,,
0,1979.4131703250903,0.0039233465912895185,0.0039233465912895185,True,False,False,,,
0,675.8199499861073,0.0037482455749712207,0.0037482455749712207,True,False,False,,,
0,2201.859405390386,0.00371603851185978,0.00371603851185978,True,False,False,,,
0,855.5254237288136,0.003646776328782214,0.003646776328782214,True,False,False,,,
0,3735.6699083078634,0.0035690330905191747,0.0035690330905191747,True,False,False,,,
0,685.5337593776048,0.0034539973893887854,0.0034539973893887854,True,False,False,,,
0,588.3956654626285,0.0034365285164772164,0.0034365285164772164,True,False,False,,,
0,3949.3737149208114,0.003309367465008206,,False,False,False,,,
0,1966.7852181161434,0.003277582763924824,0.003277582763924824,True,False,False,,,
0,1435.4398444012227,0.0032203682685969515,0.0032203682685969515,True,False,False,,,
0,3679.329813837177,0.0029380100325385843,0.0029380100325385843,True,False,False,,,
0,2191.174215059739,0.0027974823939972797,0.0027974823939972797,True,False,False,,,
0,3756.0689080300085,0.002602084867045648,0.002602084867045648,True,False,False,,,
0,3881.377049180328,0.002590976730224362,0.002590976730224362,True,False,False,,,
0,2210.601833842734,0.002564227427570037,0.002564227427570037,True,False,False,,,
0,1273.219227563212,0.002516391491502956,0.002516391491502956,True,False,False,,,
0,2348.537927202001,0.0024550568954082447,0.0024550568954082447,True,False,False,,,
0,2106.6640733537097,0.002398934125328097,0.002398934125328097,True,False,False,,,
0,3192.6679633231456,0.0023894488274216197,0.0023894488274216197,True,False,False,,,
0,1340.2445123645457,0.002349608883749174,0.002349608883749174,True,False,False,,,
0,1924.0444567935538,0.002300406020079169,0.002300406020079169,True,False,False,,,
0,2180.4890247290914,0.002290907745745892,0.002290907745745892,True,False,False,,,
0,3614.247290914143,0.002289377391363801,0.002289377391363801,True,False,False,,,
0,3784.2389552653517,0.002198420027105623,0.002198420027105623,True,False,False,,,
0,3565.6782439566546,0.0021828358676505635,0.0021828358676505635,True,False,False,,,
0,2377.6793553764937,0.0021419066530266005,0.0021419066530266005,True,False,False,,,
0,3691.957766046124,0.0021188012238178497,0.0021188012238178497,True,False,False,,,
0,3587.0486246179494,0.0020174792321321147,0.0020174792321321147,True,False,False,,,
0,,,,,,,75.0,74.0,True
1,1101.2848013337039,1.0,0.8940648584736104,True,True,False,,,
1,1217.8505140316756,0.4470624917183578,0.4470624917183578,True,False,False,,,
1,2853.6560155598777,0.39650278635261443,0.3845062515167905,True,False,False,,,
1,1531.6065573770493,0.3688597119632796,0.3688597119632796,True,False,False,,,
1,509.71380939149765,0.3516527857016596,0.10225406014013244,True,False,True,,,
1,1705.4837454848569,0.32299228751774267,0.32299228751774267,True,False,False,,,
1,1413.098082800778,0.1833048279610787,0.1833048279610787,True,False,False,,,
1,1598.6318421783828,0.17363135360646012,0.17363135360646012,True,False,False,,,
1,1309.1603223117531,0.15478475460079733,0.15478475460079733,True,False,False,,,
1,1368.414559599889,0.1435658472232022,0.1435658472232022,True,False,False,,,
1,815.6988052236733,0.12832481246957883,0.12832481246957883,True,False,False,,,
1,2939.137538205057,0.11834525962327194,0.11834525962327194,True,False,False,,,
1,767.129758266185,0.08910423778637422,0.08910423778637422,True,False,False,,,
1,1066.3150875243123,0.059034820219274864,0.059034820219274864,True,False,False,,,
1,3310.205056960267,0.058423886171194615,0.058423886171194615,True,False,False,,,
1,1016.7746596276744,0.041664337696709575,0.041664337696709575,True,False,False,,,
1,1446.12503473187,0.041184726957322074,0.041184726957322074,True,False,False,,,
1,605.8805223673243,0.04057772586234221,0.04057772586234221,True,False,False,,,
1,2796.3445401500417,0.03201058935772079,0.03201058935772079,True,False,False,,,
1,636.9647124201167,0.022606527336252347,0.022606527336252347,True,False,False,,,
1,1730.739649902751,0.0223728411692542,0.0223728411692542,True,False,False,,,
1,711.7610447346485,0.020240515893860556,0.020240515893860556,True,False,False,,,
1,1484.0088913587108,0.018131738424070815,0.018131738424070815,True,False,False,,,
1,959.4631842178383,0.015773271712578585,0.015773271712578585,True,False,False,,,
1,559.2542372881356,0.013849363812242443,0.013849363812242443,True,False,False,,,
1,2081.4081689358154,0.013623203977885856,0.013623203977885856,True,False,False,,,
1,997.3470408446791,0.012642132274557405,0.012642132274557405,True,False,False,,,
1,2032.8391219783273,0.008948169918899272,0.008948169918899272,True,False,False,,,
1,3121.757154765213,0.008921466862314997,0.008921466862314997,True,False,False,,,
1,576.7390941928313,0.007998668144083121,0.007998668144083121,True,False,False,,,
1,2005.640455682134,0.007714719718846836,0.007714719718846836,True,False,False,,,
1,655.4209502639623,0.006643791182588399,0.006643791182588399,True,False,False,,,
1,2161.061405946096,0.006342491871966925,0.006342491871966925,True,False,False,,,
1,2182.4317866073907,0.006264988328221316,0.006264988328221316,True,False,False,,,
1,1960.9569324812448,0.006129252461368594,0.006129252461368594,True,False,False,,,
1,3042.103917754932,0.005835156960844377,0.005835156960844377,True,False,False,,,
1,1992.0411225340372,0.005493170927799847,0.005493170927799847,True,False,False,,,
1,1949.3003612114476,0.005455685603309524,0.005455685603309524,True,False,False,,,
1,2055.180883578772,0.00492249062568632,0.00492249062568632,True,False,False,,,
1,3989.2003334259516,0.004848713849050281,,False,False,True,,,
1,1900.7313142539595,0.00461946190234668,0.00461946190234668,True,False,False,,,
1,548.5690469574882,0.004438460107852371,0.004438460107852371,True,False,False,,,
1,1979.4131703250903,0.004434226564758517,0.004434226564758517,True,False,False,,,
1,2320.3678799666577,0.004175136030166128,0.004175136030166128,True,False,False,,,
1,1273.219227563212,0.0033632619585107215,0.0033632619585107215,True,False,False,,,
1,1435.4398444012227,0.0032935687413901404,0.0032935687413901404,True,False,False,,,
1,2152.318977493748,0.003116739126699547,0.003116739126699547,True,False,False,,,
1,2018.2684078910809,0.0027279751867671856,0.0027279751867671856,True,False,False,,,
1,664.16337871631,0.00271700958747656,0.00271700958747656,True,False,False,,,
1,3195.5821061405945,0.0024565305590095246,0.0024565305590095246,True,False,False,,,
1,2142.605168102251,0.0024557249786646782,0.0024557249786646782,True,False,False,,,
1,1925.9872186718533,0.0023370897883017924,0.0023370897883017924,True,False,False,,,
1,856.4968046679633,0.002267387784323005,0.002267387784323005,True,False,False,,,
1,2068.7802167268687,0.002250208484750202,0.002250208484750202,True,False,False,,,
1,534.9697138093915,0.0021514398516985778,0.0021514398516985778,True,False,False,,,
1,,,,,,,55.0,54.0,True
2,1093.5137538205058,1.0,0.8726548356639303,True,True,False,,,
2,2916.7957766046125,0.8026072372675586,0.7791002671331134,True,False,False,,,
2,2848.799110864129,0.4859833567034273,0.4859833567034273,True,False,False,,,
2,1737.539316476799,0.4184016049331745,0.4184016049331745,True,False,False,,,
2,500.0,0.2588539098516717,,False,False,True,,,
2,718.5607113086969,0.21295103104948174,0.21295103104948174,True,False,False,,,
2,1237.2781328146707,0.2096865354372739,0.2096865354372739,True,False,False,,,
2,1466.524034454015,0.2003134787905993,0.2003134787905993,True,False,False,,,
2,795.2998055015282,0.10487276553970853,0.10487276553970853,True,False,False,,,
2,1371.3287024173383,0.0971020813046926,0.0971020813046926,True,False,False,,,
2,873.981661572659,0.06188478009607415,0.06188478009607415,True,False,False,,,
2,1020.6601833842734,0.03575050038113703,0.03575050038113703,True,False,False,,,
2,607.8232842456238,0.03547109533762324,0.03547109533762324,True,False,False,,,
2,1980.3845512642401,0.013306175621745114,0.013306175621745114,True,False,False,,,
2,2164.9469297026953,0.011946181750506612,0.011946181750506612,True,False,False,,,
2,2078.4940261183665,0.011511937440685118,0.011511937440685118,True,False,False,,,
2,2024.0966935259796,0.011236042210216868,0.011236042210216868,True,False,False,,,
2,567.0252848013337,0.008853804501863044,0.008853804501863044,True,False,False,,,
2,3274.263962211726,0.007661045326953511,0.007661045326953511,True,False,False,,,
2,1600.5746040566826,0.0069533797341194,0.0069533797341194,True,False,False,,,
2,2319.3964990275076,0.006864930918141478,0.006864930918141478,True,False,False,,,
2,543.7121422617394,0.0067219524332325364,0.0067219524332325364,True,False,False,,,
2,672.9058071686579,0.006682856220187716,0.006682856220187716,True,False,False,,,
2,2006.6118366212838,0.0064768006736904415,0.0064768006736904415,True,False,False,,,
2,962.3773270352876,0.006381506432999506,0.006381506432999506,True,False,False,,,
2,2181.460405668241,0.0057871913794280486,0.0057871913794280486,True,False,False,,,
2,1959.0141706029453,0.005286336314945465,0.005286336314945465,True,False,False,,,
2,2054.209502639622,0.004844663308928538,0.004844663308928538,True,False,False,,,
2,1950.2717421505974,0.004572887604656788,0.004572887604656788,True,False,False,,,
2,2209.6304529035842,0.004493003608543055,0.004493003608543055,True,False,False,,,
2,626.2795220894693,0.0043936308190653806,0.0043936308190653806,True,False,False,,,
2,2193.1169769380385,0.003971114072998976,0.003971114072998976,True,False,False,,,
2,533.9983328702417,0.0038260751524623327,0.0038260751524623327,True,False,False,,,
2,1670.5140316754655,0.0037375148374361733,0.0037375148374361733,True,False,False,,,
2,3862.9208113364825,0.0036934065976891514,0.0028190898150267617,True,False,False,,,
2,1924.0444567935538,0.0032308473846332127,0.0032308473846332127,True,False,False,,,
2,555.3687135315365,0.0031671959525729765,0.0031671959525729765,True,False,False,,,
2,2138.7196443456514,0.002818656799979325,0.002818656799979325,True,False,False,,,
2,1436.4112253403723,0.0026735444809315445,0.0026735444809315445,True,False,False,,,
2,1971.6421228118922,0.0026065386342426396,0.0026065386342426396,True,False,False,,,
2,3617.1614337315923,0.0024514651973707377,0.0024514651973707377,True,False,False,,,
2,2107.6354542928593,0.002438523004189057,0.002438523004189057,True,False,False,,,
2,1688.970269519311,0.002432801828035555,0.002432801828035555,True,False,False,,,
2,1528.6924145596,0.002304986541195375,0.002304986541195375,True,False,False,,,
2,2150.376215615449,0.002296887232059482,0.002296887232059482,True,False,False,,,
2,3901.776048902473,0.0022473337127091077,0.0022473337127091077,True,False,False,,,
2,2361.1658794109476,0.002179182566797392,0.002179182566797392,True,False,False,,,
2,1990.0983606557377,0.0021686174897832013,0.0021686174897832013,True,False,False,,,
2,1868.6757432620172,0.002159444572307073,0.002159444572307073,True,False,False,,,
2,3444.255626562934,0.002022917074890801,0.002022917074890801,True,False,False,,,
2,,,,,,,50.0,49.0,True
3,697.1903306474021,1.0,0.9339398497043234,True,True,False,,,
3,2919.709919422062,0.5517507377691303,0.5480544445718263,True,False,False,,,
3,964.3200889135871,0.3655632169898144,0.3655632169898144,True,False,False,,,
3,1451.9533203667686,0.29379239309606353,0.29379239309606353,True,False,False,,,
3,2849.7704918032787,0.15393887957340563,0.15393887957340563,True,False,False,,,
3,909.9227563212003,0.13510958051352295,0.13510958051352295,True,False,False,,,
3,536.9124756876911,0.12331877524994374,0.12331877524994374,True,False,False,,,
3,755.4731869963879,0.12331239633541774,0.12331239633541774,True,False,False,,,
3,1492.7513198110587,0.10291698307279404,0.10291698307279404,True,False,False,,,
3,1376.185607113087,0.07400058953472817,0.07400058953472817,True,False,False,,,
3,1600.5746040566826,0.05498651030725503,0.05498651030725503,True,False,False,,,
3,1028.4312308974716,0.031733651808389204,0.031733651808389204,True,False,False,,,
3,3024.619060850236,0.028947116647583433,0.028947116647583433,True,False,False,,,
3,873.981661572659,0.02324822119763601,0.02324822119763601,True,False,False,,,
3,500.0,0.02159554081276749,,False,False,True,,,
3,2162.032786885246,0.017986439253960443,0.017986439253960443,True,False,False,,,
3,3060.5601555987773,0.015141310890391967,0.015141310890391967,True,False,False,,,
3,1639.429841622673,0.014792033405723493,0.014792033405723493,True,False,False,,,
3,1069.2292303417616,0.014615940119561494,0.014615940119561494,True,False,False,,,
3,2008.5545984995833,0.01380456830134453,0.01380456830134453,True,False,False,,,
3,1154.7107529869409,0.012323327328879315,0.012323327328879315,True,False,False,,,
3,993.46151708808,0.011586545143013341,0.011586545143013341,True,False,False,,,
3,2046.438455126424,0.010970689376767854,0.010970689376767854,True,False,False,,,
3,1980.3845512642401,0.010766600308871005,0.010766600308871005,True,False,False,,,
3,1949.3003612114476,0.009640128019635204,0.009640128019635204,True,False,False,,,
3,626.2795220894693,0.009627589067100303,0.009627589067100303,True,False,False,,,
3,2152.318977493748,0.009338036980994748,0.009338036980994748,True,False,False,,,
3,2183.4031675465408,0.009105195714823737,0.009105195714823737,True,False,False,,,
3,3902.7474298416228,0.009057352428826923,0.005795535792168093,True,False,False,,,
3,2025.0680744651293,0.009031320456816061,0.009031320456816061,True,False,False,,,
3,1743.3676021116978,0.008890920589403536,0.008890920589403536,True,False,False,,,
3,1313.0458460683524,0.008803188199553114,0.008803188199553114,True,False,False,,,
3,1541.3203667685468,0.008775581432301054,0.008775581432301054,True,False,False,,,
3,839.9833287024173,0.007973903684788168,0.007973903684788168,True,False,False,,,
3,3006.1628230063907,0.0078455777057094,0.0078455777057094,True,False,False,,,
3,1180.9380383439843,0.007352887676730424,0.007352887676730424,True,False,False,,,
3,2322.310641844957,0.0072841381371455995,0.0072841381371455995,True,False,False,,,
3,1868.6757432620172,0.007253629759862096,0.007253629759862096,True,False,False,,,
3,2078.4940261183665,0.006546600435547663,0.006546600435547663,True,False,False,,,
3,1798.7363156432343,0.006537474943890188,0.006537474943890188,True,False,False,,,
3,1507.322033898305,0.006033967957701003,0.006033967957701003,True,False,False,,,
3,3648.245623784385,0.005982256807683799,0.005982256807683799,True,False,False,,,
3,2208.6590719644346,0.005818855572858777,0.005818855572858777,True,False,False,,,
3,3723.0419560989167,0.005769380583369578,0.005769380583369578,True,False,False,,,
3,3334.4895804390108,0.0055030893787064925,0.0055030893787064925,True,False,False,,,
3,1583.0897471519868,0.004951212011519955,0.004951212011519955,True,False,False,,,
3,1964.8424562378439,0.004873440284231758,0.004873440284231758,True,False,False,,,
3,3734.6985273687137,0.004358539252357517,0.004358539252357517,True,False,False,,,
3,814.7274242845235,0.004226564165241475,0.004226564165241475,True,False,False,,,
3,1923.0730758544041,0.004170959532056985,0.004170959532056985,True,False,False,,,
3,596.1667129758266,0.0041046305672107625,0.0041046305672107625,True,False,False,,,
3,3840.579049736038,0.0040932946723897376,0.0040932946723897376,True,False,False,,,
3,1239.2208946929704,0.004050329831311268,0.004050329831311268,True,False,False,,,
3,2349.5093081411505,0.003868162254035799,0.003868162254035799,True,False,False,,,
3,3947.430953042512,0.003783788680474757,0.0032264407670419167,True,False,False,,,
3,2246.5429285912755,0.003761946740052405,0.003761946740052405,True,False,False,,,
3,3080.9591553209225,0.0036956419813294616,0.0036956419813294616,True,False,False,,,
3,2137.748263406502,0.0036808862469344325,0.0036808862469344325,True,False,False,,,
3,2066.837454848569,0.003537545011874572,0.003537545011874572,True,False,False,,,
3,3679.329813837177,0.0034512340809330962,0.0034512340809330962,True,False,False,,,
3,3755.097527090859,0.0031959466752076475,0.0031959466752076475,True,False,False,,,
3,3862.9208113364825,0.0030617274535530287,0.0030617274535530287,True,False,False,,,
3,721.4748541261462,0.003059484699854481,0.003059484699854481,True,False,False,,,
3,1715.1975548763546,0.0030077579506504297,0.0030077579506504297,True,False,False,,,
3,2112.492358988608,0.0028498532477888843,0.0028498532477888843,True,False,False,,,
3,3616.1900527924427,0.002741871995836618,0.002741871995836618,True,False,False,,,
3,1657.8860794665186,0.002598729572819619,0.002598729572819619,True,False,False,,,
3,3586.0772436787997,0.0025783510748843275,0.0025783510748843275,True,False,False,,,
3,3796.8669074742984,0.0025763236739148538,0.0025763236739148538,True,False,False,,,
3,2360.1944984717975,0.002540684048023524,0.002540684048023524,True,False,False,,,
3,3694.8719088635735,0.0025059646325036964,0.0025059646325036964,True,False,False,,,
3,2375.736593498194,0.002445866748646436,0.002445866748646436,True,False,False,,,
3,3565.6782439566546,0.0023783982693077275,0.0023783982693077275,True,False,False,,,
3,2037.6960266740762,0.002293332602806241,0.002293332602806241,True,False,False,,,
3,1846.3339816615728,0.0022919852038308323,0.0022919852038308323,True,False,False,,,
3,3924.1178105029176,0.0022203325570491206,0.0022203325570491206,True,False,False,,,
3,2221.2870241733817,0.0020468110159536385,0.0020468110159536385,True,False,False,,,
3,1704.5123645457072,0.002035703147137167,0.002035703147137167,True,False,False,,,
3,3975.6010002778553,0.0020199270107867547,,False,False,False,,,
3,,,,,,,79.0,77.0,True
4,907.0086135037511,1.0,0.9365889377637701,True,True,False,,,
4,2916.7957766046125,0.5631013267987575,0.5580753230376128,True,False,False,,,
4,698.1617115865519,0.50642404383345,0.5012791640049199,True,False,False,,,
4,991.5187552097805,0.3378165348850003,0.3378165348850003,True,False,False,,,
4,965.2914698527369,0.23971675245179466,0.23971675245179466,True,False,False,,,
4,1451.9533203667686,0.18983807698166932,0.18983807698166932,True,False,False,,,
4,1639.429841622673,0.1427061643844291,0.1427061643844291,True,False,False,,,
4,2849.7704918032787,0.11705311904687837,0.11705311904687837,True,False,False,,,
4,1417.9549874965269,0.102966451076154,0.102966451076154,True,False,False,,,
4,665.1347596554599,0.09889465983298859,0.09889465983298859,True,False,False,,,
4,3072.216726868575,0.060406237309501884,0.060406237309501884,True,False,False,,,
4,1376.185607113087,0.05620705799778559,0.05620705799778559,True,False,False,,,
4,541.7693803834399,0.04951946621105306,0.04951946621105306,True,False,False,,,
4,1492.7513198110587,0.042445789278955426,0.042445789278955426,True,False,False,,,
4,1071.1719922200612,0.027561071633991796,0.027561071633991796,True,False,False,,,
4,1601.5459849958322,0.019144973937562072,0.019144973937562072,True,False,False,,,
4,2018.2684078910809,0.01626791834607029,0.01626791834607029,True,False,False,,,
4,2166.8896915809946,0.015227069214981464,0.015227069214981464,True,False,False,,,
4,567.9966657404834,0.01478897311628953,0.01478897311628953,True,False,False,,,
4,1826.9063628785775,0.014563736969138496,0.014563736969138496,True,False,False,,,
4,510.6851903306474,0.014487384193753852,0.014487384193753852,True,False,True,,,
4,1216.8791330925258,0.014449218496580235,0.014449218496580235,True,False,False,,,
4,720.5034731869964,0.01422704353970114,0.01422704353970114,True,False,False,,,
4,500.0,0.013874452150461875,,False,False,True,,,
4,1295.5609891636566,0.013115406672960017,0.013115406672960017,True,False,False,,,
4,2007.5832175604335,0.012867280565423047,0.012867280565423047,True,False,False,,,
4,1341.2158933036953,0.012065788863361362,0.012065788863361362,True,False,False,,,
4,3902.7474298416228,0.011194503376702667,0.007510402784174492,True,False,False,,,
4,1542.2917477076967,0.011132551186420862,0.011132551186420862,True,False,False,,,
4,1747.2531258682968,0.011037459527149188,0.011037459527149188,True,False,False,,,
4,2079.465407057516,0.009487459278538935,0.009487459278538935,True,False,False,,,
4,1978.4417893859406,0.008961603853138433,0.008961603853138433,True,False,False,,,
4,1959.985551542095,0.008727109663576349,0.008727109663576349,True,False,False,,,
4,598.1094748541261,0.008711796538416555,0.008711796538416555,True,False,False,,,
4,1948.328980272298,0.008690081888299943,0.008690081888299943,True,False,False,,,
4,1027.4598499583217,0.008325123894108846,0.008325123894108846,True,False,False,,,
4,2136.776882467352,0.00798302542985871,0.00798302542985871,True,False,False,,,
4,2194.088357877188,0.007828016174417403,0.007828016174417403,True,False,False,,,
4,1508.2934148374547,0.007724051104929394,0.007724051104929394,True,False,False,,,
4,3723.0419560989167,0.007554279361680956,0.007554279361680956,True,False,False,,,
4,3839.607668796888,0.0072888803109078665,0.0072888803109078665,True,False,False,,,
4,3649.2170047235345,0.0072465933586329965,0.0072465933586329965,True,False,False,,,
4,3005.191442067241,0.007165677323858366,0.007165677323858366,True,False,False,,,
4,2321.3392609058074,0.006736007509647425,0.006736007509647425,True,False,False,,,
4,1310.1317032509032,0.006262031202353122,0.006262031202353122,True,False,False,,,
4,2151.3475965545986,0.006164637668538612,0.006164637668538612,True,False,False,,,
4,3292.7202000555712,0.0060568448448344685,0.0060568448448344685,True,False,False,,,
4,2223.229786051681,0.005933235765135303,0.005933235765135303,True,False,False,,,
4,3863.892192275632,0.005706761428283663,0.005706761428283663,True,False,False,,,
4,2952.7368713531537,0.00550502564477387,0.00550502564477387,True,False,False,,,
4,1705.4837454848569,0.005373229001385843,0.005373229001385843,True,False,False,,,
4,1868.6757432620172,0.00506204346667939,0.00506204346667939,True,False,False,,,
4,2045.4670741872744,0.005038865249559793,0.005038865249559793,True,False,False,,,
4,2209.6304529035842,0.004652294155807311,0.004652294155807311,True,False,False,,,
4,745.7593776048902,0.004382002876122282,0.004382002876122282,True,False,False,,,
4,3783.267574326202,0.004305468742933375,0.004305468742933375,True,False,False,,,
4,3680.301194776327,0.004209897686908675,0.004209897686908675,True,False,False,,,
4,552.4545707140873,0.00407027756423281,0.00407027756423281,True,False,False,,,
4,3614.247290914143,0.003898155220241485,0.003898155220241485,True,False,False,,,
4,2348.537927202001,0.003851301563121419,0.003851301563121419,True,False,False,,,
4,2183.4031675465408,0.0038109169767710817,0.0038109169767710817,True,False,False,,,
4,3734.6985273687137,0.003735859192045379,0.003735859192045379,True,False,False,,,
4,3692.9291469852737,0.0036449585229147725,0.0036449585229147725,True,False,False,,,
4,2026.0394554042791,0.003554621610428098,0.003554621610428098,True,False,False,,,
4,857.4681856071131,0.0035404722657583904,0.0035404722657583904,True,False,False,,,
4,3944.5168102250627,0.003504985751023818,0.003504985751023818,True,False,False,,,
4,3565.6782439566546,0.003488322779959063,0.003488322779959063,True,False,False,,,
4,2033.8105029174772,0.0032360081891570722,0.0032360081891570722,True,False,False,,,
4,1688.970269519311,0.003038446937849819,0.003038446937849819,True,False,False,,,
4,3756.0689080300085,0.00294495510736518,0.00294495510736518,True,False,False,,,
4,1923.0730758544041,0.002921130970660773,0.002921130970660773,True,False,False,,,
4,3922.1750486246183,0.002885592126048076,0.002885592126048076,True,False,False,,,
4,1657.8860794665186,0.002849129490558891,0.002849129490558891,True,False,False,,,
4,1679.2564601278134,0.002762046660303677,0.002762046660303677,True,False,False,,,
4,3797.8382884134485,0.0027466824328859513,0.0027466824328859513,True,False,False,,,
4,2054.209502639622,0.002734877248516048,0.002734877248516048,True,False,False,,,
4,2360.1944984717975,0.00265635155962932,0.00265635155962932,True,False,False,,,
4,3442.312864684635,0.0026527200981247,0.0026527200981247,True,False,False,,,
4,3872.6346207279803,0.0025747583527379603,0.0025747583527379603,True,False,False,,,
4,2247.514309530425,0.0025705944482850573,0.0025705944482850573,True,False,False,,,
4,2124.148930258405,0.0025148645032571273,0.0025148645032571273,True,False,False,,,
4,3502.5384829119203,0.0023929490100196744,0.0023929490100196744,True,False,False,,,
4,3525.8516254515143,0.002286489018406189,0.002286489018406189,True,False,False,,,
4,2506.873020283412,0.002218242682140305,0.002218242682140305,True,False,False,,,
4,3587.0486246179494,0.002161796586055368,0.002161796586055368,True,False,False,,,
4,2097.9216449013616,0.0021593821543546884,0.0021593821543546884,True,False,False,,,
4,639.878855237566,0.002102130791505452,0.002102130791505452,True,False,False,,,
4,1798.7363156432343,0.002032965275158463,0.002032965275158463,True,False,False,,,
4,,,,,,,88.0,87.0,True
5,907.0086135037511,1.0,0.9425570762813321,True,True,False,,,
5,698.1617115865519,0.6232688968260054,0.6171150171295182,True,False,False,,,
5,2916.7957766046125,0.5682372833160702,0.5649733273031646,True,False,False,,,
5,991.5187552097805,0.3402369176792237,0.3402369176792237,True,False,False,,,
5,965.2914698527369,0.21862386753650098,0.21862386753650098,True,False,False,,,
5,1451.9533203667686,0.20532358586137262,0.20532358586137262,True,False,False,,,
5,1639.429841622673,0.14730841524579183,0.14730841524579183,True,False,False,,,
5,2849.7704918032787,0.11939273344924026,0.11939273344924026,True,False,False,,,
5,1417.9549874965269,0.11666763150291003,0.11666763150291003,True,False,False,,,
5,665.1347596554599,0.09019208350299782,0.09019208350299782,True,False,False,,,
5,3072.216726868575,0.06222851281663677,0.06222851281663677,True,False,False,,,
5,546.6262850791886,0.06201752946945176,0.06201752946945176,True,False,False,,,
5,1492.7513198110587,0.061466159948933355,0.061466159948933355,True,False,False,,,
5,1376.185607113087,0.055792000372969504,0.055792000372969504,True,False,False,,,
5,746.73075854404,0.030526098006830427,0.030526098006830427,True,False,False,,,
5,1601.5459849958322,0.024053596046549636,0.024053596046549636,True,False,False,,,
5,1217.8505140316756,0.02072220675283462,0.02072220675283462,True,False,False,,,
5,2183.4031675465408,0.018371000262264736,0.018371000262264736,True,False,False,,,
5,2027.0108363434288,0.015419394399238052,0.015419394399238052,True,False,False,,,
5,1070.2006112809113,0.015223547061909717,0.015223547061909717,True,False,False,,,
5,1310.1317032509032,0.015017123348697911,0.015017123348697911,True,False,False,,,
5,1825.9349819394276,0.014957475811667075,0.014957475811667075,True,False,False,,,
5,1738.510697415949,0.014926676404680664,0.014926676404680664,True,False,False,,,
5,1541.3203667685468,0.01376783193574467,0.01376783193574467,True,False,False,,,
5,1341.2158933036953,0.013367357420574585,0.013367357420574585,True,False,False,,,
5,2161.061405946096,0.01246418505660901,0.01246418505660901,True,False,False,,,
5,2079.465407057516,0.011848967278709027,0.011848967278709027,True,False,False,,,
5,3902.7474298416228,0.011740131351350196,0.007584503569740469,True,False,False,,,
5,1980.3845512642401,0.011545031926513648,0.011545031926513648,True,False,False,,,
5,1027.4598499583217,0.009793255751688684,0.009793255751688684,True,False,False,,,
5,719.5320922478467,0.009174838097055021,0.009174838097055021,True,False,False,,,
5,2321.3392609058074,0.008867936852177728,0.008867936852177728,True,False,False,,,
5,3734.6985273687137,0.00885413309990176,0.00885413309990176,True,False,False,,,
5,509.71380939149765,0.007594831080394354,0.007594831080394354,True,False,True,,,
5,2209.6304529035842,0.007364414806252471,0.007364414806252471,True,False,False,,,
5,3840.579049736038,0.007342878199077359,0.007342878199077359,True,False,False,,,
5,3004.2200611280914,0.007328672717556842,0.007328672717556842,True,False,False,,,
5,1948.328980272298,0.0073178756388122095,0.0073178756388122095,True,False,False,,,
5,2151.3475965545986,0.007282921818412999,0.007282921818412999,True,False,False,,,
5,1294.5896082245067,0.007085951009112287,0.007085951009112287,True,False,False,,,
5,1959.985551542095,0.006587412746132459,0.006587412746132459,True,False,False,,,
5,595.1953320366769,0.006373654337234788,0.006373654337234788,True,False,False,,,
5,567.9966657404834,0.00634531168940021,0.00634531168940021,True,False,False,,,
5,1868.6757432620172,0.006223090488885584,0.006223090488885584,True,False,False,,,
5,1508.2934148374547,0.006185277161671193,0.006185277161671193,True,False,False,,,
5,3648.245623784385,0.006107894262396147,0.006107894262396147,True,False,False,,,
5,2195.059738816338,0.006016584234739178,0.006016584234739178,True,False,False,,,
5,3300.4912475687693,0.0057959165564265575,0.0057959165564265575,True,False,False,,,
5,2040.6101694915255,0.0055867199259143525,0.0055867199259143525,True,False,False,,,
5,3565.6782439566546,0.00538252613032442,0.00538252613032442,True,False,False,,,
5,624.3367602111698,0.005181743591399238,0.005181743591399238,True,False,False,,,
5,2136.776882467352,0.005080525484816948,0.005080525484816948,True,False,False,,,
5,2051.295359822173,0.004868714774928582,0.004868714774928582,True,False,False,,,
5,3756.0689080300085,0.004619843642702061,0.004619843642702061,True,False,False,,,
5,1715.1975548763546,0.004610867463300267,0.004610867463300267,True,False,False,,,
5,3948.4023339816617,0.004574743436224199,0.004574743436224199,True,False,False,,,
5,2246.5429285912755,0.00453800948347006,0.00453800948347006,True,False,False,,,
5,3871.66323978883,0.004200564288574651,0.004200564288574651,True,False,False,,,
5,1046.8874687413172,0.00419020970525158,0.00419020970525158,True,False,False,,,
5,3615.2186718532926,0.004095044745916442,0.004095044745916442,True,False,False,,,
5,1988.1555987774382,0.0040830085316948175,0.0040830085316948175,True,False,False,,,
5,3724.0133370380663,0.003964197372088803,0.003964197372088803,True,False,False,,,
5,2359.223117532648,0.003926255001088792,0.003926255001088792,True,False,False,,,
5,1924.0444567935538,0.0038829334997652794,0.0038829334997652794,True,False,False,,,
5,1154.7107529869409,0.0035898331983424125,0.0035898331983424125,True,False,False,,,
5,3923.146429563768,0.003372270867413922,0.003372270867413922,True,False,False,,,
5,1180.9380383439843,0.0033429947393287737,0.0033429947393287737,True,False,False,,,
5,1680.227841066963,0.0032904385764163206,0.0032904385764163206,True,False,False,,,
5,2227.1153098082805,0.003237008153714206,0.003237008153714206,True,False,False,,,
5,3679.329813837177,0.0031163419265706673,0.0031163419265706673,True,False,False,,,
5,2106.6640733537097,0.0030981834695160988,0.0030981834695160988,True,False,False,,,
5,2009.525979438733,0.002869110536540747,0.002869110536540747,True,False,False,,,
5,809.8705195887746,0.002789691230903918,0.002789691230903918,True,False,False,,,
5,3524.8802445123647,0.0026770476220047707,0.0026770476220047707,True,False,False,,,
5,1688.970269519311,0.0026483542707455877,0.0026483542707455877,True,False,False,,,
5,1704.5123645457072,0.00260720311282062,0.00260720311282062,True,False,False,,,
5,1583.0897471519868,0.002564917239076654,0.002564917239076654,True,False,False,,,
5,2017.2970269519312,0.0025578040482386304,0.0025578040482386304,True,False,False,,,
5,2516.5868296749095,0.0024676510562069674,0.0024676510562069674,True,False,False,,,
5,3023.6476799110865,0.002421801432340817,0.002421801432340817,True,False,False,,,
5,1534.5207001944984,0.0024183962376703796,0.0024183962376703796,True,False,False,,,
5,3881.377049180328,0.002337311140686818,0.002337311140686818,True,False,False,,,
5,3782.296193387052,0.0023052144454107117,0.0023052144454107117,True,False,False,,,
5,3545.27924423451,0.002276736974105473,0.002276736974105473,True,False,False,,,
5,3973.6582383995556,0.0022011557074467893,,False,False,False,,,
5,2951.765490414004,0.002114143192443435,0.002114143192443435,True,False,False,,,
5,2127.0630730758544,0.0020472721034492606,0.0020472721034492606,True,False,False,,,
5,,,,,,,87.0,86.0,True
6,1726.8541261461517,1.0,0.9629577895653307,True,True,False,,,
6,1163.4531814392888,0.8293141622586404,0.7613678853646545,True,False,False,,,
6,711.7610447346485,0.3890700260937835,0.32654435133952897,True,False,False,,,
6,1256.7057515976662,0.2383929505763746,0.2383929505763746,True,False,False,,,
6,1067.2864684634621,0.22222455445075928,0.22222455445075928,True,False,False,,,
6,1527.7210336204503,0.1604508397585779,0.1604508397585779,True,False,False,,,
6,1368.414559599889,0.14273244182486333,0.14273244182486333,True,False,False,,,
6,2954.6796332314534,0.13831218076580276,0.13344062267313767,True,False,False,,,
6,509.71380939149765,0.10669981213141924,0.07142192877318904,True,False,True,,,
6,1416.0122256182274,0.08404011056873947,0.08404011056873947,True,False,False,,,
6,959.4631842178383,0.08142424554620031,0.08142424554620031,True,False,False,,,
6,1460.6957488191165,0.06895978643637321,0.06895978643637321,True,False,False,,,
6,1596.6890803000833,0.06161072712305722,0.06161072712305722,True,False,False,,,
6,1219.793275909975,0.05711290209389824,0.05711290209389824,True,False,False,,,
6,815.6988052236733,0.05627350114968287,0.05627350114968287,True,False,False,,,
6,1312.0744651292025,0.05066708831989325,0.05066708831989325,True,False,False,,,
6,1397.5559877743817,0.03703646265541907,0.03703646265541907,True,False,False,,,
6,770.0439010836344,0.03154453688557865,0.03154453688557865,True,False,False,,,
6,734.1028063350931,0.028825785543229565,0.028825785543229565,True,False,False,,,
6,1025.5170880800224,0.0250002358235073,0.0250002358235073,True,False,False,,,
6,3301.462628507919,0.023312270515102526,0.023312270515102526,True,False,False,,,
6,847.7543762156155,0.02260731125224312,0.02260731125224312,True,False,False,,,
6,2873.083634342873,0.020349865512914747,0.020349865512914747,True,False,False,,,
6,687.4765212559045,0.018459069387402077,0.018459069387402077,True,False,False,,,
6,609.7660461239233,0.015559905777372707,0.015559905777372707,True,False,False,,,
6,2918.738538482912,0.015397955598207252,0.015397955598207252,True,False,False,,,
6,675.8199499861073,0.015365742539169447,0.015365742539169447,True,False,False,,,
6,577.7104751319811,0.012913383789874333,0.012913383789874333,True,False,False,,,
6,538.8552375659906,0.007444288443142488,0.007444288443142488,True,False,False,,,
6,2849.7704918032787,0.00718806351405938,0.00718806351405938,True,False,False,,,
6,2182.4317866073907,0.007014436645056836,0.007014436645056836,True,False,False,,,
6,2035.7532647957767,0.006517895981817808,0.006517895981817808,True,False,False,,,
6,1988.1555987774382,0.006324093505745046,0.006324093505745046,True,False,False,,,
6,910.8941372603501,0.00613492219096709,0.00613492219096709,True,False,False,,,
6,1636.5156988052238,0.005775778044781708,0.005775778044781708,True,False,False,,,
6,2166.8896915809946,0.005604395592216959,0.005604395592216959,True,False,False,,,
6,2025.0680744651293,0.00556418802178185,0.00556418802178185,True,False,False,,,
6,3931.8888580161156,0.005196901712628175,,False,False,False,,,
6,747.7021394831897,0.0051760398410519715,0.0051760398410519715,True,False,False,,,
6,638.9074742984162,0.005144231161782115,0.005144231161782115,True,False,False,,,
6,1964.8424562378439,0.00452768399559131,0.00452768399559131,True,False,False,,,
6,2003.6976938038345,0.004265293925929122,0.004265293925929122,True,False,False,,,
6,2079.465407057516,0.004017024983347254,0.004017024983347254,True,False,False,,,
6,3445.2270075020842,0.003934071172938751,0.003934071172938751,True,False,False,,,
6,650.5640455682134,0.003916419024591,0.003916419024591,True,False,False,,,
6,2044.4956932481246,0.003654190306980212,0.003654190306980212,True,False,False,,,
6,2349.5093081411505,0.0034905251397278434,0.0034905251397278434,True,False,False,,,
6,2209.6304529035842,0.0034773313905348594,0.0034773313905348594,True,False,False,,,
6,3724.0133370380663,0.00327620883010017,0.00327620883010017,True,False,False,,,
6,1979.4131703250903,0.003233132110080835,0.003233132110080835,True,False,False,,,
6,3840.579049736038,0.0031974918631764056,0.0031974918631764056,True,False,False,,,
6,1142.082800777994,0.0030471092024593194,0.0030471092024593194,True,False,False,,,
6,1113.9127535426508,0.002904417189991071,0.002904417189991071,True,False,False,,,
6,1451.9533203667686,0.0027669600970767205,0.0027669600970767205,True,False,False,,,
6,3525.8516254515143,0.002611059235297043,0.002611059235297043,True,False,False,,,
6,3734.6985273687137,0.0025098563549859386,0.0025098563549859386,True,False,False,,,
6,1949.3003612114476,0.0024940084260776365,0.0024940084260776365,True,False,False,,,
6,3903.7188107807724,0.002345654444846808,0.002345654444846808,True,False,False,,,
6,1924.0444567935538,0.002284640844523668,0.002284640844523668,True,False,False,,,
6,3648.245623784385,0.002264022507019226,0.002264022507019226,True,False,False,,,
6,3872.6346207279803,0.00210678454309991,0.00210678454309991,True,False,False,,,
6,2105.6926924145596,0.002015999808456034,0.002015999808456034,True,False,False,,,
6,,,,,,,62.0,61.0,True
7,1726.8541261461517,1.0,0.9494965307519632,True,True,False,,,
7,1164.4245623784386,0.8175388420608263,0.7206550575138794,True,False,False,,,
7,1068.257849402612,0.3085450623755058,0.3085450623755058,True,False,False,,,
7,1528.6924145596,0.3055231322507128,0.3055231322507128,True,False,False,,,
7,713.703806612948,0.28068862078420476,0.2233029473056084,True,False,False,,,
7,2954.6796332314534,0.160298201081564,0.14756988277668587,True,False,False,,,
7,508.7424284523479,0.15871651424482247,0.08306376971688445,True,False,True,,,
7,1414.0694637399279,0.15486266845129926,0.15486266845129926,True,False,False,,,
7,1219.793275909975,0.12529079472327392,0.12529079472327392,True,False,False,,,
7,1595.7176993609337,0.11017406613208759,0.11017406613208759,True,False,False,,,
7,815.6988052236733,0.0952714992259269,0.0952714992259269,True,False,False,,,
7,1310.1317032509032,0.07677985011992997,0.07677985011992997,True,False,False,,,
7,1254.7629897193665,0.07384195395456816,0.07384195395456816,True,False,False,,,
7,770.0439010836344,0.07258646215714573,0.07258646215714573,True,False,False,,,
7,1460.6957488191165,0.05747075399453108,0.05747075399453108,True,False,False,,,
7,1368.414559599889,0.05594141494951846,0.05594141494951846,True,False,False,,,
7,959.4631842178383,0.04950722913414021,0.04950722913414021,True,False,False,,,
7,3330.6040566824117,0.04911503971872646,0.04911503971872646,True,False,False,,,
7,608.7946651847735,0.037488451700750935,0.037488451700750935,True,False,False,,,
7,1139.1686579605446,0.02861900251997984,0.02861900251997984,True,False,False,,,
7,847.7543762156155,0.02362428804851152,0.02362428804851152,True,False,False,,,
7,650.5640455682134,0.02344319570786041,0.02344319570786041,True,False,False,,,
7,2873.083634342873,0.016337474534013796,0.016337474534013796,True,False,False,,,
7,1396.584606835232,0.013932462621092934,0.013932462621092934,True,False,False,,,
7,2918.738538482912,0.011844483471669304,0.011844483471669304,True,False,False,,,
7,748.6735204223396,0.011145972399633608,0.011145972399633608,True,False,False,,,
7,2079.465407057516,0.010450371255330628,0.010450371255330628,True,False,False,,,
7,1980.3845512642401,0.009279340728542959,0.009279340728542959,True,False,False,,,
7,577.7104751319811,0.006727748191545813,0.006727748191545813,True,False,False,,,
7,637.9360933592665,0.006313372384881,0.006313372384881,True,False,False,,,
7,2019.2397888302307,0.005894570780019273,0.005894570780019273,True,False,False,,,
7,1018.7174215059739,0.005851863550073777,0.005851863550073777,True,False,False,,,
7,913.8082800777994,0.005793198411145978,0.005793198411145978,True,False,False,,,
7,2349.5093081411505,0.005550874217870157,0.005550874217870157,True,False,False,,,
7,3902.7474298416228,0.00511736559121536,0.002602827157731795,True,False,False,,,
7,548.5690469574882,0.0048582024272594004,0.0048582024272594004,True,False,False,,,
7,2850.7418727424288,0.0048066642238231705,0.0048066642238231705,True,False,False,,,
7,735.0741872742428,0.004695248113817135,0.004695248113817135,True,False,False,,,
7,2207.687691025285,0.004148089984241925,0.004148089984241925,True,False,False,,,
7,1965.8138371769937,0.004104146417866142,0.004104146417866142,True,False,False,,,
7,686.5051403167547,0.0039936173271317155,0.0039936173271317155,True,False,False,,,
7,2008.5545984995833,0.003766918355119082,0.003766918355119082,True,False,False,,,
7,673.8771881078078,0.0036913232484466763,0.0036913232484466763,True,False,False,,,
7,535.9410947485412,0.0035835238587597074,0.0035835238587597074,True,False,False,,,
7,1910.4451236454572,0.0035829982588170706,0.0035829982588170706,True,False,False,,,
7,3445.2270075020842,0.0033961504362919337,0.0033961504362919337,True,False,False,,,
7,1950.2717421505974,0.0033426901249430964,0.0033426901249430964,True,False,False,,,
7,3724.0133370380663,0.0032707820943097873,0.0032707820943097873,True,False,False,,,
7,1637.4870797443734,0.003180861265399862,0.003180861265399862,True,False,False,,,
7,2166.8896915809946,0.003035262218375273,0.003035262218375273,True,False,False,,,
7,2151.3475965545986,0.0029964671218574864,0.0029964671218574864,True,False,False,,,
7,1924.0444567935538,0.0026476293953804093,0.0026476293953804093,True,False,False,,,
7,2187.28869130314,0.0025641925500286596,0.0025641925500286596,True,False,False,,,
7,3033.3614893025842,0.002537981912691077,0.002537981912691077,True,False,False,,,
7,1988.1555987774382,0.0025119403242008266,0.0025119403242008266,True,False,False,,,
7,2055.180883578772,0.0024945340469274165,0.0024945340469274165,True,False,False,,,
7,3120.7857738260627,0.0024269441735429165,0.0024269441735429165,True,False,False,,,
7,2143.5765490414005,0.002294380549815564,0.002294380549815564,True,False,False,,,
7,3547.222006112809,0.0022838271285234336,0.0022838271285234336,True,False,False,,,
7,2323.2820227841066,0.0021703651409417553,0.0021703651409417553,True,False,False,,,
7,2106.6640733537097,0.0021038038902609635,0.0021038038902609635,True,False,False,,,
7,,,,,,,61.0,61.0,True
8,1728.7968880244514,1.0,0.9355980551546377,True,True,False,,,
8,1162.481800500139,0.8685037288150584,0.7421929560062255,True,False,False,,,
8,1526.7496526813004,0.39885623941803006,0.39885623941803006,True,False,False,,,
8,1068.257849402612,0.38801236914244575,0.38801236914244575,True,False,False,,,
8,713.703806612948,0.33899184375581315,0.2345971898164818,True,False,False,,,
8,1414.0694637399279,0.20990559365991798,0.20990559365991798,True,False,False,,,
8,508.7424284523479,0.20927390035177118,0.10390877432418766,True,False,True,,,
8,1219.793275909975,0.17190558755633167,0.17190558755633167,True,False,False,,,
8,2954.6796332314534,0.16188973335456033,0.13620105875931407,True,False,False,,,
8,1595.7176993609337,0.15190106663825387,0.15190106663825387,True,False,False,,,
8,816.670186162823,0.12943354948888142,0.12943354948888142,True,False,False,,,
8,769.0725201444845,0.09302366493929493,0.09302366493929493,True,False,False,,,
8,1309.1603223117531,0.08987021969491349,0.08987021969491349,True,False,False,,,
8,3329.632675743262,0.07015879167545969,0.07015879167545969,True,False,False,,,
8,608.7946651847735,0.06908164497544211,0.06908164497544211,True,False,False,,,
8,1451.9533203667686,0.06747232466066769,0.06747232466066769,True,False,False,,,
8,1253.7916087802168,0.059585467894398114,0.059585467894398114,True,False,False,,,
8,1371.3287024173383,0.054487058868690236,0.054487058868690236,True,False,False,,,
8,1138.1972770213947,0.050318681049546066,0.050318681049546066,True,False,False,,,
8,960.4345651569881,0.0498444698148251,0.0498444698148251,True,False,False,,,
8,848.7257571547652,0.024832596640777388,0.024832596640777388,True,False,False,,,
8,636.9647124201167,0.021276368534181855,0.021276368534181855,True,False,False,,,
8,913.8082800777994,0.019224878407555934,0.019224878407555934,True,False,False,,,
8,583.5387607668797,0.016547153068978915,0.016547153068978915,True,False,False,,,
8,1700.6268407891082,0.01600152266642163,0.01600152266642163,True,False,False,,,
8,2917.767157543762,0.014712292682667216,0.014712292682667216,True,False,False,,,
8,2080.4367879966658,0.01457773836790316,0.01457773836790316,True,False,False,,,
8,2873.083634342873,0.012598435031113242,0.012598435031113242,True,False,False,,,
8,1018.7174215059739,0.009006923259617328,0.009006923259617328,True,False,False,,,
8,2849.7704918032787,0.008805910946026368,0.008805910946026368,True,False,False,,,
8,2029.9249791608781,0.007712918062838614,0.007712918062838614,True,False,False,,,
8,750.6162823006391,0.007120384092758947,0.007120384092758947,True,False,False,,,
8,1979.4131703250903,0.006191972584478574,0.006191972584478574,True,False,False,,,
8,686.5051403167547,0.005062628404720715,0.005062628404720715,True,False,False,,,
8,2151.3475965545986,0.004950038630677916,0.004950038630677916,True,False,False,,,
8,2018.2684078910809,0.00475920647961558,0.00475920647961558,True,False,False,,,
8,2322.310641844957,0.004383261028662919,0.004383261028662919,True,False,False,,,
8,1637.4870797443734,0.004247036150914041,0.004247036150914041,True,False,False,,,
8,3923.146429563768,0.0041821486106908695,,False,False,False,,,
8,735.0741872742428,0.004148270867458392,0.004148270867458392,True,False,False,,,
8,1924.0444567935538,0.003979780029535009,0.003979780029535009,True,False,False,,,
8,2053.238121700472,0.003944672938320544,0.003944672938320544,True,False,False,,,
8,3042.103917754932,0.003924489316434181,0.003924489316434181,True,False,False,,,
8,3118.8430119477634,0.003906903773875869,0.003906903773875869,True,False,False,,,
8,1989.126979716588,0.003900187736680988,0.003900187736680988,True,False,False,,,
8,535.9410947485412,0.00375067124801437,0.00375067124801437,True,False,False,,,
8,3446.198388441234,0.003746110613392889,0.003746110613392889,True,False,False,,,
8,576.7390941928313,0.003745232755063166,0.003745232755063166,True,False,False,,,
8,2168.8324534592944,0.003425087318210014,0.003425087318210014,True,False,False,,,
8,1999.8121700472354,0.0029707135086470045,0.0029707135086470045,True,False,False,,,
8,2197.0025006946375,0.0029666415012248246,0.0029666415012248246,True,False,False,,,
8,1912.3878855237567,0.0029302762405065443,0.0029302762405065443,True,False,False,,,
8,1950.2717421505974,0.002894011310872996,0.002894011310872996,True,False,False,,,
8,559.2542372881356,0.0025725165338456035,0.0025725165338456035,True,False,False,,,
8,3633.6749096971384,0.0025166662644893825,0.0025166662644893825,True,False,False,,,
8,2247.514309530425,0.0025120810170319967,0.0025120810170319967,True,False,False,,,
8,2105.6926924145596,0.002418509700709094,0.002418509700709094,True,False,False,,,
8,673.8771881078078,0.0023722634830061207,0.0023722634830061207,True,False,False,,,
8,657.3637121422618,0.0023424446611041705,0.0023424446611041705,True,False,False,,,
8,2349.5093081411505,0.002196850190475809,0.002196850190475809,True,False,False,,,
8,2207.687691025285,0.002192130762939771,0.002192130762939771,True,False,False,,,
8,3548.1933870519592,0.0021164054781514854,0.0021164054781514854,True,False,False,,,
8,647.6499027507641,0.0020760863794335727,0.0020760863794335727,True,False,False,,,
8,2039.6387885523757,0.0020586875860498094,0.0020586875860498094,True,False,False,,,
8,1965.8138371769937,0.0020525822129989005,0.0020525822129989005,True,False,False,,,
8,,,,,,,65.0,64.0,True
9,1136.2545151430954,1.0,0.7715348842032247,True,True,False,,,
9,1729.768268963601,0.8667184864728463,0.8667184864728463,True,False,False,,,
9,1526.7496526813004,0.6260278624183226,0.6260278624183226,True,False,False,,,
9,1071.1719922200612,0.4993625042747073,0.4993625042747073,True,False,False,,,
9,713.703806612948,0.37691070911742747,0.37691070911742747,True,False,False,,,
9,508.7424284523479,0.29932418691732954,0.1545482035126149,True,False,True,,,
9,1413.098082800778,0.2606172448908416,0.2606172448908416,True,False,False,,,
9,1219.793275909975,0.24920792822839088,0.24920792822839088,True,False,False,,,
9,1595.7176993609337,0.2287653657541579,0.2287653657541579,True,False,False,,,
9,770.0439010836344,0.2035332034930829,0.2035332034930829,True,False,False,,,
9,815.6988052236733,0.17845311368470435,0.17845311368470435,True,False,False,,,
9,2954.6796332314534,0.17066932075201927,0.14477904937822522,True,False,False,,,
9,1309.1603223117531,0.1352208950361075,0.1352208950361075,True,False,False,,,
9,3328.6612948041125,0.11448620669971532,0.11448620669971532,True,False,False,,,
9,1699.6554598499583,0.09150228070534261,0.09150228070534261,True,False,False,,,
9,1452.9247013059185,0.08944754005285321,0.08944754005285321,True,False,False,,,
9,1379.0997499305363,0.07200311320300434,0.07200311320300434,True,False,False,,,
9,674.8485690469574,0.0531481393941044,0.0531481393941044,True,False,False,,,
9,1161.5104195609892,0.04389659730551021,0.04389659730551021,True,False,False,,,
9,608.7946651847735,0.041623403686626814,0.041623403686626814,True,False,False,,,
9,850.6685190330647,0.03389846132774549,0.03389846132774549,True,False,False,,,
9,1273.219227563212,0.031648392219709054,0.031648392219709054,True,False,False,,,
9,914.7796610169491,0.025283185752765114,0.025283185752765114,True,False,False,,,
9,960.4345651569881,0.022838833834518457,0.022838833834518457,True,False,False,,,
9,1251.848846901917,0.02207803696390276,0.02207803696390276,True,False,False,,,
9,1018.7174215059739,0.014986587626928949,0.014986587626928949,True,False,False,,,
9,2080.4367879966658,0.014910790449134197,0.014910790449134197,True,False,False,,,
9,2026.0394554042791,0.011617008359501572,0.011617008359501572,True,False,False,,,
9,2918.738538482912,0.01028885024054918,0.01028885024054918,True,False,False,,,
9,3902.7474298416228,0.009275356287895182,0.0057692038446824495,True,False,False,,,
9,2873.083634342873,0.008857408623943963,0.008857408623943963,True,False,False,,,
9,2322.310641844957,0.008150161106541778,0.008150161106541778,True,False,False,,,
9,2017.2970269519312,0.007969087082681906,0.007969087082681906,True,False,False,,,
9,1350.929702695193,0.007922603216234059,0.007922603216234059,True,False,False,,,
9,1992.0411225340372,0.007542056883670104,0.007542056883670104,True,False,False,,,
9,3122.7285357043625,0.007077204484140828,0.007077204484140828,True,False,False,,,
9,657.3637121422618,0.006383204486412719,0.006383204486412719,True,False,False,,,
9,686.5051403167547,0.006366601450833342,0.006366601450833342,True,False,False,,,
9,3043.075298694082,0.0058408284538781705,0.0058408284538781705,True,False,False,,,
9,1959.0141706029453,0.005404537041115997,0.005404537041115997,True,False,False,,,
9,3839.607668796888,0.005390993111532415,0.005390993111532415,True,False,False,,,
9,2849.7704918032787,0.005318431088252487,0.005318431088252487,True,False,False,,,
9,2183.4031675465408,0.005199651358599601,0.005199651358599601,True,False,False,,,
9,3734.6985273687137,0.004853597716224081,0.004853597716224081,True,False,False,,,
9,581.5959988885802,0.004655193321650264,0.004655193321650264,True,False,False,,,
9,1949.3003612114476,0.004547396000790901,0.004547396000790901,True,False,False,,,
9,2164.9469297026953,0.004460342184742606,0.004460342184742606,True,False,False,,,
9,1907.5309808280078,0.004339530748617433,0.004339530748617433,True,False,False,,,
9,1924.0444567935538,0.004181762962999207,0.004181762962999207,True,False,False,,,
9,2151.3475965545986,0.004155237526049677,0.004155237526049677,True,False,False,,,
9,2247.514309530425,0.003673910433623258,0.003673910433623258,True,False,False,,,
9,3943.545429285913,0.003314500504825936,0.002706748381666752,True,False,False,,,
9,3648.245623784385,0.0032836225835562033,0.0032836225835562033,True,False,False,,,
9,3862.9208113364825,0.0031881833779806093,0.0031881833779806093,True,False,False,,,
9,3445.2270075020842,0.00307389174265435,0.00307389174265435,True,False,False,,,
9,3724.0133370380663,0.002931687147064488,0.002931687147064488,True,False,False,,,
9,1938.6151708808002,0.0029194886235388608,0.0029194886235388608,True,False,False,,,
9,3756.0689080300085,0.0028474848631926362,0.0028474848631926362,True,False,False,,,
9,1972.6135037510421,0.0027758281316363417,0.0027758281316363417,True,False,False,,,
9,2350.4806890803,0.002737881668102536,0.002737881668102536,True,False,False,,,
9,2142.605168102251,0.0025942473898535982,0.0025942473898535982,True,False,False,,,
9,3614.247290914143,0.0025803252245611905,0.0025803252245611905,True,False,False,,,
9,3679.329813837177,0.0024144649431701026,0.0024144649431701026,True,False,False,,,
9,3931.8888580161156,0.002401105097605237,0.002401105097605237,True,False,False,,,
9,3798.809669352598,0.002383605236756809,0.002383605236756809,True,False,False,,,
9,3693.9005279244234,0.0023576441933015994,0.0023576441933015994,True,False,False,,,
9,3545.27924423451,0.0022809833889963563,0.0022809833889963563,True,False,False,,,
9,1847.3053626007224,0.0021596719081469692,0.0021596719081469692,True,False,False,,,
9,3783.267574326202,0.002156066486914375,0.002156066486914375,True,False,False,,,
9,3872.6346207279803,0.0021406628487843395,0.0021406628487843395,True,False,False,,,
9,2171.7465962767437,0.0021349202016630736,0.0021349202016630736,True,False,False,,,
9,2007.5832175604335,0.00212693872549153,0.00212693872549153,True,False,False,,,
9,1477.2092247846624,0.002087189999518013,0.002087189999518013,True,False,False,,,
9,3586.0772436787997,0.0020366734291966462,0.0020366734291966462,True,False,False,,,
9,2222.2584051125314,0.0020207662772673968,0.0020207662772673968,True,False,False,,,
9,,,,,,,75.0,75.0,True
10,1727.8255070853015,1.0,0.9390080188210809,True,True,False,,,
10,1165.3959433175883,0.878831334833729,0.7799536445739441,True,False,False,,,
10,1528.6924145596,0.3608077184304408,0.3608077184304408,True,False,False,,,
10,1068.257849402612,0.34292955619047466,0.34292955619047466,True,False,False,,,
10,713.703806612948,0.3365920013326039,0.33422050605190545,True,False,False,,,
10,508.7424284523479,0.1951814618670484,0.11667371181990874,True,False,True,,,
10,2917.767157543762,0.17586490239888256,0.16239454227545552,True,False,False,,,
10,1414.0694637399279,0.16365062682487716,0.16365062682487716,True,False,False,,,
10,1219.793275909975,0.1521428548687167,0.1521428548687167,True,False,False,,,
10,1595.7176993609337,0.1327771973840621,0.1327771973840621,True,False,False,,,
10,770.0439010836344,0.11606077548136143,0.11606077548136143,True,False,False,,,
10,816.670186162823,0.1126763336493688,0.1126763336493688,True,False,False,,,
10,1310.1317032509032,0.09221987072550056,0.09221987072550056,True,False,False,,,
10,1253.7916087802168,0.0715746581429042,0.0715746581429042,True,False,False,,,
10,1451.9533203667686,0.06673256198119623,0.06673256198119623,True,False,False,,,
10,3329.632675743262,0.05951389865328998,0.05951389865328998,True,False,False,,,
10,1368.414559599889,0.05379806322807587,0.05379806322807587,True,False,False,,,
10,959.4631842178383,0.04474859410264165,0.04474859410264165,True,False,False,,,
10,1139.1686579605446,0.03787535239057449,0.03787535239057449,True,False,False,,,
10,673.8771881078078,0.03454136802643282,0.03454136802643282,True,False,False,,,
10,847.7543762156155,0.028991200115955268,0.028991200115955268,True,False,False,,,
10,610.737427063073,0.025293492219010782,0.025293492219010782,True,False,False,,,
10,1395.6132258960824,0.01941411509652241,0.01941411509652241,True,False,False,,,
10,2954.6796332314534,0.016475176654977414,0.016475176654977414,True,False,False,,,
10,2873.083634342873,0.01560086532548044,0.01560086532548044,True,False,False,,,
10,2849.7704918032787,0.010850951371259035,0.010850951371259035,True,False,False,,,
10,2079.465407057516,0.010415491944526348,0.010415491944526348,True,False,False,,,
10,3902.7474298416228,0.008551102562854363,0.0039280449686514875,True,False,False,,,
10,749.6449013614892,0.00840039990489827,0.00840039990489827,True,False,False,,,
10,2017.2970269519312,0.008141543506527568,0.008141543506527568,True,False,False,,,
10,582.56737982773,0.007764719930828751,0.007764719930828751,True,False,False,,,
10,650.5640455682134,0.007484965611549321,0.007484965611549321,True,False,False,,,
10,2349.5093081411505,0.007092247382009092,0.007092247382009092,True,False,False,,,
10,2182.4317866073907,0.007036495007295815,0.007036495007295815,True,False,False,,,
10,1979.4131703250903,0.005926148298223132,0.005926148298223132,True,False,False,,,
10,2169.803834398444,0.005667896747159869,0.005667896747159869,True,False,False,,,
10,2151.3475965545986,0.0048168855884778575,0.0048168855884778575,True,False,False,,,
10,1959.985551542095,0.004802626494253174,0.004802626494253174,True,False,False,,,
10,2246.5429285912755,0.004502206586939051,0.004502206586939051,True,False,False,,,
10,1900.7313142539595,0.004430776263899426,0.004430776263899426,True,False,False,,,
10,686.5051403167547,0.004333731655064288,0.004333731655064288,True,False,False,,,
10,3840.579049736038,0.004136907324400696,0.004136907324400696,True,False,False,,,
10,3648.245623784385,0.004037579290866511,0.004037579290866511,True,False,False,,,
10,2211.573214781884,0.004034792609669343,0.004034792609669343,True,False,False,,,
10,3723.0419560989167,0.003687720360799944,0.003687720360799944,True,False,False,,,
10,3117.871631008614,0.0034526104869782304,0.0034526104869782304,True,False,False,,,
10,2193.1169769380385,0.003372734412414034,0.003372734412414034,True,False,False,,,
10,1703.5409836065573,0.003372246695695136,0.003372246695695136,True,False,False,,,
10,1951.2431230897473,0.0033455564596820957,0.0033455564596820957,True,False,False,,,
10,3033.3614893025842,0.0033455170554627586,0.0033455170554627586,True,False,False,,,
10,3872.6346207279803,0.002881723871491222,0.002881723871491222,True,False,False,,,
10,2233.9149763823284,0.002845531772499731,0.002845531772499731,True,False,False,,,
10,1018.7174215059739,0.0028162810472746602,0.0028162810472746602,True,False,False,,,
10,3782.296193387052,0.002808995849303865,0.002808995849303865,True,False,False,,,
10,3445.2270075020842,0.0027478531169030512,0.0027478531169030512,True,False,False,,,
10,1988.1555987774382,0.0026394345730139535,0.0026394345730139535,True,False,False,,,
10,3680.301194776327,0.0026102793585133927,0.0026102793585133927,True,False,False,,,
10,1940.5579327591,0.0026102292392560077,0.0026102292392560077,True,False,False,,,
10,3931.8888580161156,0.0025395331471486614,0.0023490928493549515,True,False,False,,,
10,915.751041956099,0.002513810326736282,0.002513810326736282,True,False,False,,,
10,2321.3392609058074,0.002507921189277819,0.002507921189277819,True,False,False,,,
10,2039.6387885523757,0.002471394850608887,0.002471394850608887,True,False,False,,,
10,1925.0158377327036,0.0024339661939243654,0.0024339661939243654,True,False,False,,,
10,2221.2870241733817,0.0023594290407278253,0.0023594290407278253,True,False,False,,,
10,2067.8088357877186,0.002334646072991874,0.002334646072991874,True,False,False,,,
10,3615.2186718532926,0.002138716256868005,0.002138716256868005,True,False,False,,,
10,3524.8802445123647,0.0021199803097122633,0.0021199803097122633,True,False,False,,,
10,,,,,,,67.0,67.0,True
11,1726.8541261461517,1.0,0.9619174409899907,True,True,False,,,
11,1163.4531814392888,0.8462538915841725,0.775361000397828,True,False,False,,,
11,711.7610447346485,0.41090064414707345,0.40516967302317364,True,False,False,,,
11,1067.2864684634621,0.23917828468169067,0.23917828468169067,True,False,False,,,
11,1255.7343706585161,0.22563625698859535,0.22563625698859535,True,False,False,,,
11,1528.6924145596,0.18523908025123836,0.18523908025123836,True,False,False,,,
11,2954.6796332314534,0.14341188092765353,0.13488926668583626,True,False,False,,,
11,1368.414559599889,0.1374186029127461,0.1374186029127461,True,False,False,,,
11,508.7424284523479,0.12145178296751796,0.06738121522037563,True,False,True,,,
11,1416.0122256182274,0.08795443927730012,0.08795443927730012,True,False,False,,,
11,959.4631842178383,0.0859001308839819,0.0859001308839819,True,False,False,,,
11,1596.6890803000833,0.0688384286105014,0.0688384286105014,True,False,False,,,
11,1460.6957488191165,0.06883274974273837,0.06883274974273837,True,False,False,,,
11,1220.7646568491248,0.06562877947518181,0.06562877947518181,True,False,False,,,
11,816.670186162823,0.0652495520649195,0.0652495520649195,True,False,False,,,
11,1312.0744651292025,0.056503369703932826,0.056503369703932826,True,False,False,,,
11,770.0439010836344,0.050218422723205675,0.050218422723205675,True,False,False,,,
11,1397.5559877743817,0.036083982742783266,0.036083982742783266,True,False,False,,,
11,1025.5170880800224,0.02747815197093567,0.02747815197093567,True,False,False,,,
11,3302.4340094470685,0.027354119165406785,0.027354119165406785,True,False,False,,,
11,687.4765212559045,0.026780214244216033,0.026780214244216033,True,False,False,,,
11,847.7543762156155,0.023804029328723497,0.023804029328723497,True,False,False,,,
11,613.6515698805224,0.022399025576656323,0.022399025576656323,True,False,False,,,
11,674.8485690469574,0.020367917976656102,0.020367917976656102,True,False,False,,,
11,2873.083634342873,0.01990174597010777,0.01990174597010777,True,False,False,,,
11,734.1028063350931,0.016788165588476456,0.016788165588476456,True,False,False,,,
11,578.6818560711308,0.015227174113187497,0.015227174113187497,True,False,False,,,
11,543.7121422617394,0.011437218457387613,0.011437218457387613,True,False,False,,,
11,2026.0394554042791,0.010493508223744502,0.010493508223744502,True,False,False,,,
11,625.3081411503196,0.009970630408144138,0.009970630408144138,True,False,False,,,
11,650.5640455682134,0.009496091572273574,0.009496091572273574,True,False,False,,,
11,2079.465407057516,0.008877466642135894,0.008877466642135894,True,False,False,,,
11,748.6735204223396,0.008578174008948114,0.008578174008948114,True,False,False,,,
11,554.3973325923868,0.008406831216989749,0.008406831216989749,True,False,False,,,
11,1636.5156988052238,0.00770012804233737,0.00770012804233737,True,False,False,,,
11,636.9647124201167,0.007676179416925888,0.007676179416925888,True,False,False,,,
11,2004.6690747429843,0.006641337623976045,0.006641337623976045,True,False,False,,,
11,2918.738538482912,0.006366757179487634,0.006366757179487634,True,False,False,,,
11,2169.803834398444,0.005826712784269795,0.005826712784269795,True,False,False,,,
11,1950.2717421505974,0.0044963717746983115,0.0044963717746983115,True,False,False,,,
11,2142.605168102251,0.004330213053610432,0.004330213053610432,True,False,False,,,
11,1451.9533203667686,0.0041059062637866794,0.0041059062637866794,True,False,False,,,
11,3444.255626562934,0.003886546870672334,0.003886546870672334,True,False,False,,,
11,2181.460405668241,0.0037160983340037155,0.0037160983340037155,True,False,False,,,
11,2341.7382606279525,0.0035306999053103597,0.0035306999053103597,True,False,False,,,
11,2050.3239788830233,0.0030255035607891787,0.0030255035607891787,True,False,False,,,
11,2208.6590719644346,0.0028919582286085904,0.0028919582286085904,True,False,False,,,
11,3901.776048902473,0.002853466663298979,,False,False,False,,,
11,1959.0141706029453,0.002808648404985922,0.002808648404985922,True,False,False,,,
11,2246.5429285912755,0.0028047178513731976,0.0028047178513731976,True,False,False,,,
11,910.8941372603501,0.0027901732565704662,0.0027901732565704662,True,False,False,,,
11,1987.1842178382885,0.0026266085142678036,0.0026266085142678036,True,False,False,,,
11,1925.0158377327036,0.002613770546671796,0.002613770546671796,True,False,False,,,
11,3525.8516254515143,0.002536686532708844,0.002536686532708844,True,False,False,,,
11,2037.6960266740762,0.002323841748306965,0.002323841748306965,True,False,False,,,
11,1143.0541817171438,0.0021828507444536793,0.0021828507444536793,True,False,False,,,
11,3724.0133370380663,0.002090703412747386,0.002090703412747386,True,False,False,,,
11,2017.2970269519312,0.0020512222876360314,0.0020512222876360314,True,False,False,,,
11,3331.575437621562,0.0020496666455174367,0.0020496666455174367,True,False,False,,,
11,,,,,,,59.0,58.0,True
12,1266.4195609891635,1.0,0.9066537214695428,True,True,False,,,
12,730.2172825784941,0.6252646119860675,0.5765016816964567,True,False,False,,,
12,1716.1689358155043,0.5851005096172257,0.5851005096172257,True,False,False,,,
12,1101.2848013337039,0.5303986048024774,0.5303986048024774,True,False,False,,,
12,609.7660461239233,0.3336209376135793,0.3336209376135793,True,False,False,,,
12,2925.5382050569606,0.324382276122934,0.30986658237114717,True,False,False,,,
12,965.2914698527369,0.2564504870532035,0.2564504870532035,True,False,False,,,
12,1425.726035009725,0.2544049596491941,0.2544049596491941,True,False,False,,,
12,873.981661572659,0.2477114265579942,0.2477114265579942,True,False,False,,,
12,1018.7174215059739,0.20189172166624844,0.20189172166624844,True,False,False,,,
12,1115.8555154209503,0.09173594059538892,0.09173594059538892,True,False,False,,,
12,689.419283134204,0.07429166442115195,0.07429166442115195,True,False,False,,,
12,2857.5415393164767,0.06102721199635158,0.06102721199635158,True,False,False,,,
12,500.0,0.0589850684558052,,False,False,True,,,
12,2957.593776048903,0.04439117935568454,0.04439117935568454,True,False,False,,,
12,1248.934704084468,0.04262326079992518,0.04262326079992518,True,False,False,,,
12,1380.071130869686,0.039152627012434826,0.039152627012434826,True,False,False,,,
12,1333.4448457904973,0.030681883055935028,0.030681883055935028,True,False,False,,,
12,1578.232842456238,0.027961189745203632,0.027961189745203632,True,False,False,,,
12,1456.8102250625175,0.023963244856714083,0.023963244856714083,True,False,False,,,
12,635.0219505418172,0.02244054540950635,0.02244054540950635,True,False,False,,,
12,769.0725201444845,0.020159196746267788,0.020159196746267788,True,False,False,,,
12,1171.2242289524868,0.01984465885050246,0.01984465885050246,True,False,False,,,
12,2079.465407057516,0.017397712051436896,0.017397712051436896,True,False,False,,,
12,2167.8610725201443,0.014734833174571218,0.014734833174571218,True,False,False,,,
12,2182.4317866073907,0.014417990038921061,0.014417990038921061,True,False,False,,,
12,1409.212559044179,0.014076443787819026,0.014076443787819026,True,False,False,,,
12,3902.7474298416228,0.013878987248160205,0.009051086835294413,True,False,False,,,
12,519.4276187829953,0.0123242126747512,0.0123242126747512,True,False,True,,,
12,2152.318977493748,0.011775974734837012,0.011775974734837012,True,False,False,,,
12,2237.8005001389274,0.011107238312095938,0.011107238312095938,True,False,False,,,
12,795.2998055015282,0.010924468204809787,0.010924468204809787,True,False,False,,,
12,2322.310641844957,0.010896628293756889,0.010896628293756889,True,False,False,,,
12,2023.1253125868298,0.010723722726272908,0.010723722726272908,True,False,False,,,
12,559.2542372881356,0.010581444447729266,0.010581444447729266,True,False,False,,,
12,528.1700472353432,0.0099649242975908,0.0099649242975908,True,False,False,,,
12,545.6549041400389,0.009798473655979606,0.009798473655979606,True,False,False,,,
12,1948.328980272298,0.008443062083130634,0.008443062083130634,True,False,False,,,
12,3274.263962211726,0.008400200558959254,0.008400200558959254,True,False,False,,,
12,3642.417338149486,0.00830803270354629,0.00830803270354629,True,False,False,,,
12,1541.3203667685468,0.008083633368582019,0.008083633368582019,True,False,False,,,
12,1979.4131703250903,0.007917050204131585,0.007917050204131585,True,False,False,,,
12,3840.579049736038,0.007684633882967064,0.007684633882967064,True,False,False,,,
12,1647.2008891358712,0.0075636341466203405,0.0075636341466203405,True,False,False,,,
12,835.1264240066685,0.006584625332419464,0.006584625332419464,True,False,False,,,
12,1970.6707418727424,0.00639021884029991,0.00639021884029991,True,False,False,,,
12,1958.0427896637955,0.006001513155977014,0.006001513155977014,True,False,False,,,
12,2138.7196443456514,0.0057710378752763546,0.0057710378752763546,True,False,False,,,
12,3724.0133370380663,0.005764589722019528,0.005764589722019528,True,False,False,,,
12,1923.0730758544041,0.005716827698043185,0.005716827698043185,True,False,False,,,
12,1795.822172825785,0.005691756950309133,0.005691756950309133,True,False,False,,,
12,3734.6985273687137,0.005529126514035837,0.005529126514035837,True,False,False,,,
12,2210.601833842734,0.005455832164888982,0.005455832164888982,True,False,False,,,
12,3871.66323978883,0.004898559326823863,0.004898559326823863,True,False,False,,,
12,3948.4023339816617,0.004864016444423941,0.004864016444423941,True,False,False,,,
12,2066.837454848569,0.004614614040725417,0.004614614040725417,True,False,False,,,
12,2348.537927202001,0.004591551897076343,0.004591551897076343,True,False,False,,,
12,1995.9266462906364,0.0045586824174846125,0.0045586824174846125,True,False,False,,,
12,3756.0689080300085,0.004549619083135063,0.004549619083135063,True,False,False,,,
12,1506.3506529591555,0.004433727215804595,0.004433727215804595,True,False,False,,,
12,3931.8888580161156,0.004287642992459595,0.004287642992459595,True,False,False,,,
12,3614.247290914143,0.004094502344842078,0.004094502344842078,True,False,False,,,
12,2106.6640733537097,0.0037103616597157427,0.0037103616597157427,True,False,False,,,
12,3525.8516254515143,0.003463074021295493,0.003463074021295493,True,False,False,,,
12,2516.5868296749095,0.003439723567430563,0.003439723567430563,True,False,False,,,
12,1868.6757432620172,0.003252329282893457,0.003252329282893457,True,False,False,,,
12,3679.329813837177,0.0032029871358263892,0.0032029871358263892,True,False,False,,,
12,1303.3320366768548,0.003115039598482555,0.003115039598482555,True,False,False,,,
12,3546.2506251736595,0.0030619767796464213,0.0030619767796464213,True,False,False,,,
12,3798.809669352598,0.0030580794537323867,0.0030580794537323867,True,False,False,,,
12,1671.4854126146151,0.0029235565410496434,0.0029235565410496434,True,False,False,,,
12,2010.4973603778828,0.0028936256865016684,0.0028936256865016684,True,False,False,,,
12,710.7896637954988,0.0028877509806527757,0.0028877509806527757,True,False,False,,,
12,3565.6782439566546,0.002859161599495067,0.002859161599495067,True,False,False,,,
12,3862.9208113364825,0.0028461914273445084,0.0028461914273445084,True,False,False,,,
12,3881.377049180328,0.0027590837194899943,0.0027590837194899943,True,False,False,,,
12,3990.1717143651017,0.0027129951026389,,False,False,True,,,
12,2200.8880244512366,0.0026954278892975412,0.0026954278892975412,True,False,False,,,
12,2032.8391219783273,0.002692934817108663,0.002692934817108663,True,False,False,,,
12,3826.0083356487917,0.002657097738220121,0.002657097738220121,True,False,False,,,
12,2095.007502083912,0.0026299122793331867,0.0026299122793331867,True,False,False,,,
12,2122.2061683801057,0.0026287036841383116,0.0026287036841383116,True,False,False,,,
12,1355.786607390942,0.0026182796417624776,0.0026182796417624776,True,False,False,,,
12,3783.267574326202,0.002598114465030093,0.002598114465030093,True,False,False,,,
12,1639.429841622673,0.0025753804846445003,0.0025753804846445003,True,False,False,,,
12,2050.3239788830233,0.002526468900884909,0.002526468900884909,True,False,False,,,
12,1845.362600722423,0.0025166906435172675,0.0025166906435172675,True,False,False,,,
12,2376.707974437344,0.0024176645289021963,0.0024176645289021963,True,False,False,,,
12,3649.2170047235345,0.00239191055728959,0.00239191055728959,True,False,False,,,
12,2871.1408724645735,0.002355760149418823,0.002355760149418823,True,False,False,,,
12,3922.1750486246183,0.0023313075916581716,0.0023313075916581716,True,False,False,,,
12,3595.7910530702975,0.002274102969714347,0.002274102969714347,True,False,False,,,
12,3189.7538205056962,0.002272550052546573,0.002272550052546573,True,False,False,,,
12,1608.3456515698806,0.002248652409322649,0.002248652409322649,True,False,False,,,
12,2255.285357043623,0.002200835529396459,0.002200835529396459,True,False,False,,,
12,3420.94248402334,0.00219294604346449,0.00219294604346449,True,False,False,,,
12,3694.8719088635735,0.002187840590476643,0.002187840590476643,True,False,False,,,
12,,,,,,,97.0,95.0,True
13,1092.542372881356,1.0,0.7320094428040663,True,True,False,,,
13,2915.824395665463,0.8721524135436596,0.8721524135436596,True,False,False,,,
13,2847.8277299249794,0.560205768686656,0.560205768686656,True,False,False,,,
13,1733.6537927202,0.5064243871802822,0.5064243871802822,True,False,False,,,
13,718.5607113086969,0.30034333985469264,0.26642377229106684,True,False,False,,,
13,1463.6098916365659,0.280204435773039,0.280204435773039,True,False,False,,,
13,1237.2781328146707,0.1846277331478109,0.1846277331478109,True,False,False,,,
13,500.0,0.14774793231061606,,False,False,True,,,
13,873.0102806335093,0.12953204297035503,0.12953204297035503,True,False,False,,,
13,1369.3859405390385,0.09104775278452465,0.09104775278452465,True,False,False,,,
13,797.2425673798277,0.07294205300615725,0.07294205300615725,True,False,False,,,
13,1595.7176993609337,0.03217666888924395,0.03217666888924395,True,False,False,,,
13,604.9091414281745,0.031732781068532,0.031732781068532,True,False,False,,,
13,3302.4340094470685,0.027721879605555867,0.027721879605555867,True,False,False,,,
13,2166.8896915809946,0.025949673810645002,0.025949673810645002,True,False,False,,,
13,961.4059460961378,0.02438526813888825,0.02438526813888825,True,False,False,,,
13,1019.6888024451237,0.0236894707858889,0.0236894707858889,True,False,False,,,
13,1539.3776048902473,0.02223274190687903,0.02223274190687903,True,False,False,,,
13,1979.4131703250903,0.021771584258252128,0.021771584258252128,True,False,False,,,
13,2079.465407057516,0.016195902882652945,0.016195902882652945,True,False,False,,,
13,568.9680466796333,0.015974384088823457,0.015974384088823457,True,False,False,,,
13,1162.481800500139,0.013735543965833541,0.013735543965833541,True,False,False,,,
13,1964.8424562378439,0.013137908302438567,0.013137908302438567,True,False,False,,,
13,2026.0394554042791,0.012501454361550597,0.012501454361550597,True,False,False,,,
13,1416.9836065573772,0.010839616906573368,0.010839616906573368,True,False,False,,,
13,699.1330925257016,0.00982251771936915,0.00982251771936915,True,False,False,,,
13,627.2509030286191,0.009763020256923938,0.009763020256923938,True,False,False,,,
13,548.5690469574882,0.00966609610658442,0.00966609610658442,True,False,False,,,
13,1943.472075576549,0.009470458664591556,0.009470458664591556,True,False,False,,,
13,2055.180883578772,0.008145011150134777,0.008145011150134777,True,False,False,,,
13,2316.4823562100582,0.007513386650535622,0.007513386650535622,True,False,False,,,
13,2209.6304529035842,0.00732065796095345,0.00732065796095345,True,False,False,,,
13,533.9983328702417,0.007292051438532676,0.007292051438532676,True,False,False,,,
13,2194.088357877188,0.007162378547465251,0.007162378547465251,True,False,False,,,
13,2036.7246457349265,0.007035048735488356,0.007035048735488356,True,False,False,,,
13,3861.949430397333,0.006714152996656995,0.00431896799939703,True,False,False,,,
13,2142.605168102251,0.006578124455320078,0.006578124455320078,True,False,False,,,
13,2182.4317866073907,0.005974806011408734,0.005974806011408734,True,False,False,,,
13,1795.822172825785,0.005891739036847171,0.005891739036847171,True,False,False,,,
13,3763.8399555432065,0.005799236089286787,0.005799236089286787,True,False,False,,,
13,2152.318977493748,0.005568834795661042,0.005568834795661042,True,False,False,,,
13,1988.1555987774382,0.005115849272225921,0.005115849272225921,True,False,False,,,
13,3648.245623784385,0.005022730182466538,0.005022730182466538,True,False,False,,,
13,1914.3306474020562,0.004774796053752237,0.004774796053752237,True,False,False,,,
13,1877.4181717143651,0.0045471339588735,0.0045471339588735,True,False,False,,,
13,1621.9449847179774,0.004474871192201302,0.004474871192201302,True,False,False,,,
13,2230.0294526257294,0.004312423566759614,0.004312423566759614,True,False,False,,,
13,1647.2008891358712,0.004201995217107846,0.004201995217107846,True,False,False,,,
13,518.4562378438455,0.004155308719688888,0.004155308719688888,True,False,True,,,
13,2125.1203111975547,0.004131721751319831,0.004131721751319831,True,False,False,,,
13,3724.0133370380663,0.004087976803461949,0.004087976803461949,True,False,False,,,
13,2255.285357043623,0.003935148738524193,0.003935148738524193,True,False,False,,,
13,3840.579049736038,0.0038553416462553114,0.0038553416462553114,True,False,False,,,
13,1507.322033898305,0.0038422849720229774,0.0038422849720229774,True,False,False,,,
13,1925.0158377327036,0.0037080768510823273,0.0037080768510823273,True,False,False,,,
13,2159.1186440677966,0.0037017631354743646,0.0037017631354743646,True,False,False,,,
13,656.392331203112,0.003691230456281336,0.003691230456281336,True,False,False,,,
13,675.8199499861073,0.0034952397661025536,0.0034952397661025536,True,False,False,,,
13,3692.9291469852737,0.003421774406431488,0.003421774406431488,True,False,False,,,
13,3901.776048902473,0.003417921894751132,0.003417921894751132,True,False,False,,,
13,2516.5868296749095,0.00340669866855043,0.00340669866855043,True,False,False,,,
13,2107.6354542928593,0.0031965107940684565,0.0031965107940684565,True,False,False,,,
13,3204.3245345929427,0.003194930643647155,0.003194930643647155,True,False,False,,,
13,3616.1900527924427,0.0031429503399148725,0.0031429503399148725,True,False,False,,,
13,3585.10586273965,0.0030770741021932373,0.0030770741021932373,True,False,False,,,
13,1999.8121700472354,0.003007997848018591,0.003007997848018591,True,False,False,,,
13,847.7543762156155,0.002997316788758697,0.002997316788758697,True,False,False,,,
13,2341.7382606279525,0.0029863771716687124,0.0029863771716687124,True,False,False,,,
13,667.0775215337594,0.0029464435726249127,0.0029464435726249127,True,False,False,,,
13,3564.706863017505,0.0029272689466194306,0.0029272689466194306,True,False,False,,,
13,1434.4684634620728,0.002873954374336851,0.002873954374336851,True,False,False,,,
13,1835.6487913309254,0.0027104684940451734,0.0027104684940451734,True,False,False,,,
13,3818.237288135593,0.0026389547522408002,0.0026389547522408002,True,False,False,,,
13,558.2828563489859,0.002449454008794205,0.002449454008794205,True,False,False,,,
13,3943.545429285913,0.0024351386271722437,0.0024351386271722437,True,False,False,,,
13,3445.2270075020842,0.0024059625547237576,0.0024059625547237576,True,False,False,,,
13,637.9360933592665,0.002392493562552722,0.002392493562552722,True,False,False,,,
13,2009.525979438733,0.002377299242610542,0.002377299242610542,True,False,False,,,
13,2465.103639899972,0.00237378991189921,0.00237378991189921,True,False,False,,,
13,3733.727146429564,0.002337545607224302,0.002337545607224302,True,False,False,,,
13,2377.6793553764937,0.002299474087632196,0.002299474087632196,True,False,False,,,
13,2244.600166712976,0.0022926309958995472,0.0022926309958995472,True,False,False,,,
13,3782.296193387052,0.002201283345232755,0.002201283345232755,True,False,False,,,
13,754.5018060572381,0.0021578381486853093,0.0021578381486853093,True,False,False,,,
13,3548.1933870519592,0.0021216553556491716,0.0021216553556491716,True,False,False,,,
13,3661.844956932481,0.002121554689962996,0.002121554689962996,True,False,False,,,
13,1317.9027507641013,0.00202341004465173,0.00202341004465173,True,False,False,,,
13,1866.7329813837177,0.0020000467374630265,0.0020000467374630265,True,False,False,,,
13,,,,,,,88.0,87.0,True
14,1062.4295637677133,1.0,0.6786650605989437,True,True,False,,,
14,1704.5123645457072,0.8249976655183879,0.8249976655183879,True,False,False,,,
14,1526.7496526813004,0.6271231103089197,0.6271231103089197,True,False,False,,,
14,508.7424284523479,0.429450582416795,0.09667520721522282,True,False,True,,,
14,1201.3370380661295,0.3839360983611043,0.3839360983611043,True,False,False,,,
14,1412.1267018616281,0.3261645962193908,0.3261645962193908,True,False,False,,,
14,1596.6890803000833,0.3062247783245685,0.3062247783245685,True,False,False,,,
14,766.1583773270353,0.276088511452015,0.276088511452015,True,False,False,,,
14,815.6988052236733,0.21545959569893647,0.21545959569893647,True,False,False,,,
14,3319.9188663517643,0.19415333511801547,0.16783863370277627,True,False,False,,,
14,1308.1889413726035,0.1429071749933118,0.1429071749933118,True,False,False,,,
14,605.8805223673243,0.13291094327489728,0.13291094327489728,True,False,False,,,
14,2949.8227285357043,0.10376938376073191,0.10376938376073191,True,False,False,,,
14,1453.896082245068,0.08091352846890154,0.08091352846890154,True,False,False,,,
14,1138.1972770213947,0.06171498677967069,0.06171498677967069,True,False,False,,,
14,1017.7460405668241,0.041769931487478096,0.041769931487478096,True,False,False,,,
14,666.1061405946097,0.03244817246428289,0.03244817246428289,True,False,False,,,
14,1380.071130869686,0.03180077740387288,0.03180077740387288,True,False,False,,,
14,576.7390941928313,0.029237505695844157,0.029237505695844157,True,False,False,,,
14,698.1617115865519,0.028749676310406258,0.028749676310406258,True,False,False,,,
14,914.7796610169491,0.02602390617068251,0.02602390617068251,True,False,False,,,
14,2018.2684078910809,0.020041103503695246,0.020041103503695246,True,False,False,,,
14,711.7610447346485,0.019090118350433838,0.019090118350433838,True,False,False,,,
14,2003.6976938038345,0.01835470330749079,0.01835470330749079,True,False,False,,,
14,636.9647124201167,0.01831289734935082,0.01831289734935082,True,False,False,,,
14,857.4681856071131,0.01655429122139368,0.01655429122139368,True,False,False,,,
14,2080.4367879966658,0.01628564990568594,0.01628564990568594,True,False,False,,,
14,1960.9569324812448,0.014214612319574205,0.014214612319574205,True,False,False,,,
14,2168.8324534592944,0.012843109909207378,0.012843109909207378,True,False,False,,,
14,1163.4531814392888,0.012827058121837709,0.012827058121837709,True,False,False,,,
14,1924.0444567935538,0.01261244419447026,0.01261244419447026,True,False,False,,,
14,3902.7474298416228,0.011994844783456332,0.0065639737392605285,True,False,False,,,
14,2181.460405668241,0.011610742165885913,0.011610742165885913,True,False,False,,,
14,3121.757154765213,0.01154140251666988,0.01154140251666988,True,False,False,,,
14,2349.5093081411505,0.009821364297180675,0.009821364297180675,True,False,False,,,
14,1980.3845512642401,0.009523685993568686,0.009523685993568686,True,False,False,,,
14,963.3487079744374,0.009097293845669152,0.009097293845669152,True,False,False,,,
14,2151.3475965545986,0.00909647265473932,0.00909647265473932,True,False,False,,,
14,2056.152264517922,0.008442179215572282,0.008442179215572282,True,False,False,,,
14,3032.3901083634346,0.008214438444970579,0.008214438444970579,True,False,False,,,
14,2029.9249791608781,0.00807082611936375,0.00807082611936375,True,False,False,,,
14,3839.607668796888,0.008036065041053805,0.008036065041053805,True,False,False,,,
14,534.9697138093915,0.007784844008645819,0.007784844008645819,True,False,False,,,
14,1212.9936093359265,0.007355149250564685,0.007355149250564685,True,False,False,,,
14,3734.6985273687137,0.007188971722712257,0.007188971722712257,True,False,False,,,
14,1439.3253681578217,0.00663538037199668,0.00663538037199668,True,False,False,,,
14,2111.5209780494583,0.005658794068947804,0.005658794068947804,True,False,False,,,
14,1349.9583217560435,0.005634761164460045,0.005634761164460045,True,False,False,,,
14,3565.6782439566546,0.005576226352254174,0.005576226352254174,True,False,False,,,
14,653.4781883856626,0.005245681889265108,0.005245681889265108,True,False,False,,,
14,3944.5168102250627,0.005171461782344983,0.004759394361856843,True,False,False,,,
14,3526.8230063906644,0.004898620526281983,0.004898620526281983,True,False,False,,,
14,676.7913309252571,0.004839875407284477,0.004839875407284477,True,False,False,,,
14,2323.2820227841066,0.004830511753245358,0.004830511753245358,True,False,False,,,
14,1908.5023617671577,0.004766140150237229,0.004766140150237229,True,False,False,,,
14,3615.2186718532926,0.004519995443724584,0.004519995443724584,True,False,False,,,
14,3191.6965823839955,0.004474303522124995,0.004474303522124995,True,False,False,,,
14,3797.8382884134485,0.004305690482352808,0.004305690482352808,True,False,False,,,
14,2210.601833842734,0.004266892830993404,0.004266892830993404,True,False,False,,,
14,3881.377049180328,0.004204684239273435,0.004204684239273435,True,False,False,,,
14,3723.0419560989167,0.003995349972537837,0.003995349972537837,True,False,False,,,
14,1949.3003612114476,0.003913240853160192,0.003913240853160192,True,False,False,,,
14,1648.1722700750208,0.003867979785432407,0.003867979785432407,True,False,False,,,
14,2229.0580716865798,0.0038337008655525834,0.0038337008655525834,True,False,False,,,
14,2137.748263406502,0.003810385663624849,0.003810385663624849,True,False,False,,,
14,3545.27924423451,0.0037335933081942066,0.0037335933081942066,True,False,False,,,
14,1971.6421228118922,0.003560063344587817,0.003560063344587817,True,False,False,,,
14,1794.8507918866353,0.0035536106235432227,0.0035536106235432227,True,False,False,,,
14,1273.219227563212,0.003499714303132395,0.003499714303132395,True,False,False,,,
14,3783.267574326202,0.003442016818714949,0.003442016818714949,True,False,False,,,
14,2045.4670741872744,0.003341205872238958,0.003341205872238958,True,False,False,,,
14,3446.198388441234,0.0031116526137392325,0.0031116526137392325,True,False,False,,,
14,2094.0361211447625,0.002960322723850998,0.002960322723850998,True,False,False,,,
14,3755.097527090859,0.0029300261633633043,0.0029300261633633043,True,False,False,,,
14,2198.9452625729373,0.002824489878290922,0.002824489878290922,True,False,False,,,
14,1846.3339816615728,0.002809789937203767,0.002809789937203767,True,False,False,,,
14,3633.6749096971384,0.0026300871245173094,0.0026300871245173094,True,False,False,,,
14,3973.6582383995556,0.002606064095109835,,False,False,False,,,
14,2872.1122534037236,0.002573105607804646,0.002573105607804646,True,False,False,,,
14,1990.0983606557377,0.0025191530244890806,0.0025191530244890806,True,False,False,,,
14,1869.6471242011671,0.002499392488338789,0.002499392488338789,True,False,False,,,
14,3862.9208113364825,0.0024791020093789876,0.0024791020093789876,True,False,False,,,
14,2122.2061683801057,0.0024733280179378876,0.0024733280179378876,True,False,False,,,
14,3826.9797165879413,0.0024069882869750536,0.0024069882869750536,True,False,False,,,
14,2515.61544873576,0.002321532721989608,0.002321532721989608,True,False,False,,,
14,2571.9555432064462,0.002320784527531483,0.002320784527531483,True,False,False,,,
14,3587.0486246179494,0.002237385041369208,0.002237385041369208,True,False,False,,,
14,558.2828563489859,0.0021312762787545347,0.0021312762787545347,True,False,False,,,
14,3509.3381494859686,0.002131077882033365,0.002131077882033365,True,False,False,,,
14,3872.6346207279803,0.0020509958671632647,0.0020509958671632647,True,False,False,,,
14,,,,,,,90.0,89.0,True
15,1725.882745207002,1.0,0.9377646784813573,True,True,False,,,
15,1136.2545151430954,0.9187925532673156,0.7578804340634703,True,False,False,,,
15,1529.6637954987498,0.5348218626297084,0.5348218626297084,True,False,False,,,
15,1063.400944706863,0.41537810413200205,0.41537810413200205,True,False,False,,,
15,509.71380939149765,0.2823635975821298,0.10072153459404803,True,False,True,,,
15,767.129758266185,0.259174830144703,0.259174830144703,True,False,False,,,
15,1413.098082800778,0.23855017792115088,0.23855017792115088,True,False,False,,,
15,1597.6604612392332,0.22003371580468972,0.22003371580468972,True,False,False,,,
15,816.670186162823,0.1683187823102887,0.1683187823102887,True,False,False,,,
15,2952.7368713531537,0.15912067379926909,0.1434230950767839,True,False,False,,,
15,3322.8330091692137,0.102369981079654,0.102369981079654,True,False,False,,,
15,1309.1603223117531,0.09523804576011796,0.09523804576011796,True,False,False,,,
15,1164.4245623784386,0.09193942135976918,0.09193942135976918,True,False,False,,,
15,1215.907752153376,0.07882677868397969,0.07882677868397969,True,False,False,,,
15,1454.8674631842177,0.06672380527542854,0.06672380527542854,True,False,False,,,
15,606.851903306474,0.06505699268075804,0.06505699268075804,True,False,False,,,
15,674.8485690469574,0.03341110721080426,0.03341110721080426,True,False,False,,,
15,1380.071130869686,0.025873416317530512,0.025873416317530512,True,False,False,,,
15,1017.7460405668241,0.024633316250619375,0.024633316250619375,True,False,False,,,
15,915.751041956099,0.022028225159095527,0.022028225159095527,True,False,False,,,
15,860.3823284245624,0.019680292147748857,0.019680292147748857,True,False,False,,,
15,712.7324256737983,0.017716440928278843,0.017716440928278843,True,False,False,,,
15,959.4631842178383,0.01590172802793066,0.01590172802793066,True,False,False,,,
15,1202.3084190052791,0.014011797392158853,0.014011797392158853,True,False,False,,,
15,2079.465407057516,0.012994125890103196,0.012994125890103196,True,False,False,,,
15,3125.642678521812,0.00899328509938338,0.00899328509938338,True,False,False,,,
15,2006.6118366212838,0.00813663331466977,0.00813663331466977,True,False,False,,,
15,2166.8896915809946,0.007913788454174698,0.007913788454174698,True,False,False,,,
15,2872.1122534037236,0.007747742200367946,0.007747742200367946,True,False,False,,,
15,2033.8105029174772,0.007565686683039877,0.007565686683039877,True,False,False,,,
15,1987.1842178382885,0.007219872127592612,0.007219872127592612,True,False,False,,,
15,1353.8438455126425,0.0070605017844477536,0.0070605017844477536,True,False,False,,,
15,2183.4031675465408,0.006731480979718306,0.006731480979718306,True,False,False,,,
15,546.6262850791886,0.00651161930963759,0.00651161930963759,True,False,False,,,
15,1903.6454570714088,0.006197542317011935,0.006197542317011935,True,False,False,,,
15,1795.822172825785,0.006002492600429003,0.006002492600429003,True,False,False,,,
15,637.9360933592665,0.005468581808729667,0.005468581808729667,True,False,False,,,
15,500.0,0.005255985609342928,,False,False,True,,,
15,3034.332870241734,0.004697608987486189,0.004697608987486189,True,False,False,,,
15,2321.3392609058074,0.00463549230087152,0.00463549230087152,True,False,False,,,
15,2143.5765490414005,0.00440732597639672,0.00440732597639672,True,False,False,,,
15,1958.0427896637955,0.0040106191249330006,0.0040106191249330006,True,False,False,,,
15,1973.5848846901918,0.003955025956147947,0.003955025956147947,True,False,False,,,
15,2050.3239788830233,0.003948595129457374,0.003948595129457374,True,False,False,,,
15,558.2828563489859,0.003662515714373926,0.003662515714373926,True,False,False,,,
15,1440.2967490969713,0.0034703573486419004,0.0034703573486419004,True,False,False,,,
15,2106.6640733537097,0.003229867702309862,0.003229867702309862,True,False,False,,,
15,2201.859405390386,0.003228680696875404,0.003228680696875404,True,False,False,,,
15,3983.3720477910533,0.003081024028837965,,False,False,True,,,
15,529.141428174493,0.003009479585868724,0.003009479585868724,True,False,False,,,
15,652.506807446513,0.002986044246782893,0.002986044246782893,True,False,False,,,
15,3192.6679633231456,0.0029469032542074544,0.0029469032542074544,True,False,False,,,
15,2153.290358432898,0.002885726711728386,0.002885726711728386,True,False,False,,,
15,1925.0158377327036,0.002876408582596881,0.002876408582596881,True,False,False,,,
15,3618.132814670742,0.0026989762996571763,0.0026989762996571763,True,False,False,,,
15,2232.9435954431788,0.002636265899661993,0.002636265899661993,True,False,False,,,
15,3548.1933870519592,0.0026004818266491883,0.0026004818266491883,True,False,False,,,
15,1949.3003612114476,0.002586570900312275,0.002586570900312275,True,False,False,,,
15,3443.2842456237845,0.0025226416569744912,0.0025226416569744912,True,False,False,,,
15,1965.8138371769937,0.0024255294634014405,0.0024255294634014405,True,False,False,,,
15,3834.7507641011393,0.0023542520069529775,0.0023542520069529775,True,False,False,,,
15,3880.4056682411783,0.002314143880313351,0.002314143880313351,True,False,False,,,
15,2222.2584051125314,0.0023105389010437127,0.0023105389010437127,True,False,False,,,
15,3750.2406223951098,0.00217324208600788,0.00217324208600788,True,False,False,,,
15,2516.5868296749095,0.0021668162673353156,0.0021668162673353156,True,False,False,,,
15,2375.736593498194,0.0021334408484464627,0.0021334408484464627,True,False,False,,,
15,,,,,,,66.0,64.0,True
16,1162.481800500139,1.0,0.688287670115241,True,True,False,,,
16,1727.8255070853015,0.8053555300008678,0.8053555300008678,True,False,False,,,
16,1529.6637954987498,0.39846020148421113,0.39846020148421113,True,False,False,,,
16,507.7710475131981,0.3058643334076138,0.06091682781780228,True,False,True,,,
16,1064.3723256460128,0.2996955920261909,0.2996955920261909,True,False,False,,,
16,2918.738538482912,0.22879904767398312,0.21443949498993256,True,False,False,,,
16,1413.098082800778,0.2036551256134527,0.2036551256134527,True,False,False,,,
16,1596.6890803000833,0.19760706376027387,0.19760706376027387,True,False,False,,,
16,766.1583773270353,0.1425660472810441,0.1425660472810441,True,False,False,,,
16,816.670186162823,0.14008913707684606,0.14008913707684606,True,False,False,,,
16,713.703806612948,0.11882530093261051,0.11882530093261051,True,False,False,,,
16,3320.8902472909144,0.08816968805654717,0.08816968805654717,True,False,False,,,
16,606.851903306474,0.08779652308026242,0.08779652308026242,True,False,False,,,
16,1454.8674631842177,0.08343620071254207,0.08343620071254207,True,False,False,,,
16,1309.1603223117531,0.07478189866146467,0.07478189866146467,True,False,False,,,
16,1215.907752153376,0.05460154338712864,0.05460154338712864,True,False,False,,,
16,1138.1972770213947,0.03509179647192617,0.03509179647192617,True,False,False,,,
16,1376.185607113087,0.02533075975050092,0.02533075975050092,True,False,False,,,
16,2850.7418727424288,0.02469927841971417,0.02469927841971417,True,False,False,,,
16,637.9360933592665,0.020872074202610946,0.020872074202610946,True,False,False,,,
16,1988.1555987774382,0.016373134459803526,0.016373134459803526,True,False,False,,,
16,2079.465407057516,0.016004921840919874,0.016004921840919874,True,False,False,,,
16,2162.032786885246,0.014446451234646154,0.014446451234646154,True,False,False,,,
16,2183.4031675465408,0.013134682020097682,0.013134682020097682,True,False,False,,,
16,2001.754931925535,0.0131077454562191,0.0131077454562191,True,False,False,,,
16,1511.2075576549041,0.012473231937753904,0.012473231937753904,True,False,False,,,
16,915.751041956099,0.01228747670630076,0.01228747670630076,True,False,False,,,
16,1017.7460405668241,0.010592442938550772,0.010592442938550772,True,False,False,,,
16,1948.328980272298,0.00993074843791072,0.00993074843791072,True,False,False,,,
16,576.7390941928313,0.009462976241387755,0.009462976241387755,True,False,False,,,
16,857.4681856071131,0.00879672618424926,0.00879672618424926,True,False,False,,,
16,2151.3475965545986,0.00865154733573449,0.00865154733573449,True,False,False,,,
16,1202.3084190052791,0.007769779944679978,0.007769779944679978,True,False,False,,,
16,2018.2684078910809,0.0062421240143147715,0.0062421240143147715,True,False,False,,,
16,2192.145595998889,0.006181294072705625,0.006181294072705625,True,False,False,,,
16,3124.671297582662,0.006147623196318015,0.006147623196318015,True,False,False,,,
16,2142.605168102251,0.006075627145629389,0.006075627145629389,True,False,False,,,
16,534.9697138093915,0.006000477157408035,0.006000477157408035,True,False,False,,,
16,2323.2820227841066,0.005806693033616774,0.005806693033616774,True,False,False,,,
16,2106.6640733537097,0.00531131818919048,0.00531131818919048,True,False,False,,,
16,3902.7474298416228,0.005126158120834839,0.003878936824946619,True,False,False,,,
16,1907.5309808280078,0.005001618358968927,0.005001618358968927,True,False,False,,,
16,3033.3614893025842,0.004787086599544986,0.004787086599544986,True,False,False,,,
16,676.7913309252571,0.004605264242513896,0.004605264242513896,True,False,False,,,
16,3733.727146429564,0.00454262295297264,0.00454262295297264,True,False,False,,,
16,1958.0427896637955,0.00440854077396257,0.00440854077396257,True,False,False,,,
16,2200.8880244512366,0.004357045677789467,0.004357045677789467,True,False,False,,,
16,2054.209502639622,0.004049307240253288,0.004049307240253288,True,False,False,,,
16,2210.601833842734,0.0036881399939512408,0.0036881399939512408,True,False,False,,,
16,559.2542372881356,0.0036481615338088136,0.0036481615338088136,True,False,False,,,
16,2067.8088357877186,0.003597163496097955,0.003597163496097955,True,False,False,,,
16,962.3773270352876,0.0035528652709342357,0.0035528652709342357,True,False,False,,,
16,3817.2659071964435,0.0035410927474207963,0.0035410927474207963,True,False,False,,,
16,2255.285357043623,0.003419287507580141,0.003419287507580141,True,False,False,,,
16,3933.8316198944153,0.003209716616561222,0.0020515543065421707,True,False,False,,,
16,3862.9208113364825,0.002942557844719265,0.002942557844719265,True,False,False,,,
16,1846.3339816615728,0.0027405395350708055,0.0027405395350708055,True,False,False,,,
16,548.5690469574882,0.0026904182158952183,0.0026904182158952183,True,False,False,,,
16,1648.1722700750208,0.002646084544614985,0.002646084544614985,True,False,False,,,
16,647.6499027507641,0.0024608575603738414,0.0024608575603738414,True,False,False,,,
16,2229.0580716865798,0.0024391839647690122,0.0024391839647690122,True,False,False,,,
16,2350.4806890803,0.0023772076965169926,0.0023772076965169926,True,False,False,,,
16,2170.775215337594,0.002253963489396986,0.002253963489396986,True,False,False,,,
16,3444.255626562934,0.0021959521071111127,0.0021959521071111127,True,False,False,,,
16,2245.5715476521254,0.002155756714830575,0.002155756714830575,True,False,False,,,
16,688.4479021950542,0.0021497747343124374,0.0021497747343124374,True,False,False,,,
16,3679.329813837177,0.002103661305210008,0.002103661305210008,True,False,False,,,
16,3839.607668796888,0.0020472622736710695,0.0020472622736710695,True,False,False,,,
16,3755.097527090859,0.0020443713621954122,0.0020443713621954122,True,False,False,,,
16,2120.2634065018065,0.0020125054199138185,0.0020125054199138185,True,False,False,,,
16,,,,,,,70.0,70.0,True
17,1088.656849124757,1.0,0.8456538606709909,True,True,False,,,
17,1532.577938316199,0.3045592308147813,0.3045592308147813,True,False,False,,,
17,1219.793275909975,0.24300605376863896,0.24300605376863896,True,False,False,,,
17,1727.8255070853015,0.22783107747834477,0.22783107747834477,True,False,False,,,
17,2866.283967768825,0.2233535736428271,0.20848085235194025,True,False,False,,,
17,510.6851903306474,0.2052880504148017,0.07303405064651458,True,False,True,,,
17,816.670186162823,0.15290034581213957,0.15290034581213957,True,False,False,,,
17,1372.300083356488,0.1506166427425667,0.1506166427425667,True,False,False,,,
17,1598.6318421783828,0.14540115626089592,0.14540115626089592,True,False,False,,,
17,923.522089469297,0.12259702238092371,0.12259702238092371,True,False,False,,,
17,766.1583773270353,0.11935511635666238,0.11935511635666238,True,False,False,,,
17,1308.1889413726035,0.11183670466415671,0.11183670466415671,True,False,False,,,
17,1453.896082245068,0.10401026054808743,0.10401026054808743,True,False,False,,,
17,1413.098082800778,0.10397851033484717,0.10397851033484717,True,False,False,,,
17,1015.8032786885246,0.07394167125851453,0.07394167125851453,True,False,False,,,
17,2969.2503473187,0.07200688458913712,0.07200688458913712,True,False,False,,,
17,702.0472353431509,0.059046434344115634,0.059046434344115634,True,False,False,,,
17,3304.3767713253683,0.04448013401090872,0.04448013401090872,True,False,False,,,
17,1344.1300361211447,0.032546377656394454,0.032546377656394454,True,False,False,,,
17,1512.178938594054,0.015423740596704316,0.015423740596704316,True,False,False,,,
17,606.851903306474,0.01497886195759196,0.01497886195759196,True,False,False,,,
17,1709.369269241456,0.012144658584811174,0.012144658584811174,True,False,False,,,
17,665.1347596554599,0.011510859966393283,0.011510859966393283,True,False,False,,,
17,2078.4940261183665,0.010806061205922859,0.010806061205922859,True,False,False,,,
17,1979.4131703250903,0.010619462922248976,0.010619462922248976,True,False,False,,,
17,1274.1906085023618,0.009593373165841912,0.009593373165841912,True,False,False,,,
17,556.3400944706863,0.009291639175711353,0.009291639175711353,True,False,False,,,
17,2162.032786885246,0.00914352115149817,0.00914352115149817,True,False,False,,,
17,576.7390941928313,0.00897525114869896,0.00897525114869896,True,False,False,,,
17,1963.8710752986942,0.007953367383652012,0.007953367383652012,True,False,False,,,
17,3124.671297582662,0.006426344885852624,0.006426344885852624,True,False,False,,,
17,1950.2717421505974,0.005237988076771432,0.005237988076771432,True,False,False,,,
17,854.5540427896638,0.00523581408798679,0.00523581408798679,True,False,False,,,
17,2052.2667407613226,0.00477228007678933,0.00477228007678933,True,False,False,,,
17,1069.2292303417616,0.0045998546284843345,0.0045998546284843345,True,False,False,,,
17,2182.4317866073907,0.004257409652782993,0.004257409652782993,True,False,False,,,
17,1924.0444567935538,0.004077345721508974,0.004077345721508974,True,False,False,,,
17,3950.3450958599615,0.003992916281024394,,False,False,False,,,
17,2323.2820227841066,0.003960600762825506,0.003960600762825506,True,False,False,,,
17,2006.6118366212838,0.0037483668592615746,0.0037483668592615746,True,False,False,,,
17,2017.2970269519312,0.003699500793711964,0.003699500793711964,True,False,False,,,
17,1652.0577938316198,0.003626087637252237,0.003626087637252237,True,False,False,,,
17,2209.6304529035842,0.003615557461490903,0.003615557461490903,True,False,False,,,
17,2141.6337871631013,0.00356217293435674,0.00356217293435674,True,False,False,,,
17,3033.3614893025842,0.003519987503063371,0.003519987503063371,True,False,False,,,
17,2025.0680744651293,0.003336052160888581,0.003336052160888581,True,False,False,,,
17,2928.4523478744095,0.003327926710764928,0.003327926710764928,True,False,False,,,
17,1795.822172825785,0.0029167377667439383,0.0029167377667439383,True,False,False,,,
17,2040.6101694915255,0.0027723200254031605,0.0027723200254031605,True,False,False,,,
17,3830.8652403445403,0.0025842596156040575,0.0025842596156040575,True,False,False,,,
17,2246.5429285912755,0.002567071153819319,0.002567071153819319,True,False,False,,,
17,711.7610447346485,0.0023992103703457945,0.0023992103703457945,True,False,False,,,
17,544.6835232008891,0.0023949174878024893,0.0023949174878024893,True,False,False,,,
17,3192.6679633231456,0.0020264752603030636,0.0020264752603030636,True,False,False,,,
17,,,,,,,54.0,53.0,True
18,1061.4581828285636,1.0,0.6967630283559236,True,True,False,,,
18,1705.4837454848569,0.8663004454583436,0.8663004454583436,True,False,False,,,
18,1527.7210336204503,0.6481215231542868,0.6481215231542868,True,False,False,,,
18,507.7710475131981,0.4363722036748215,0.10922488375761907,True,False,True,,,
18,1201.3370380661295,0.42130891264773973,0.42130891264773973,True,False,False,,,
18,1412.1267018616281,0.33145010265798236,0.33145010265798236,True,False,False,,,
18,1596.6890803000833,0.3148187128679306,0.3148187128679306,True,False,False,,,
18,766.1583773270353,0.2777700299903354,0.2777700299903354,True,False,False,,,
18,815.6988052236733,0.21822532888770746,0.21822532888770746,True,False,False,,,
18,3320.8902472909144,0.19169474833055705,0.16591613145922018,True,False,False,,,
18,1308.1889413726035,0.14635563095649834,0.14635563095649834,True,False,False,,,
18,605.8805223673243,0.12732668862092567,0.12732668862092567,True,False,False,,,
18,2951.765490414004,0.10329503844765867,0.10329503844765867,True,False,False,,,
18,1454.8674631842177,0.08221107827532945,0.08221107827532945,True,False,False,,,
18,1139.1686579605446,0.05851831326236878,0.05851831326236878,True,False,False,,,
18,1017.7460405668241,0.041761654374106505,0.041761654374106505,True,False,False,,,
18,698.1617115865519,0.04175749527001793,0.04175749527001793,True,False,False,,,
18,1380.071130869686,0.03175754415825338,0.03175754415825338,True,False,False,,,
18,916.7224228952487,0.024493397196833466,0.024493397196833466,True,False,False,,,
18,673.8771881078078,0.021416281393322523,0.021416281393322523,True,False,False,,,
18,713.703806612948,0.018935867100185744,0.018935867100185744,True,False,False,,,
18,1981.3559322033898,0.016128089309329355,0.016128089309329355,True,False,False,,,
18,579.6532370102807,0.01601798870153709,0.01601798870153709,True,False,False,,,
18,857.4681856071131,0.01579989890069816,0.01579989890069816,True,False,False,,,
18,1164.4245623784386,0.01540590320242674,0.01540590320242674,True,False,False,,,
18,2079.465407057516,0.014935025372961284,0.014935025372961284,True,False,False,,,
18,1965.8138371769937,0.014573271124931262,0.014573271124931262,True,False,False,,,
18,2024.0966935259796,0.014111991373011331,0.014111991373011331,True,False,False,,,
18,541.7693803834399,0.013497742828749992,0.013497742828749992,True,False,False,,,
18,3122.7285357043625,0.012233674095913583,0.012233674095913583,True,False,False,,,
18,2183.4031675465408,0.011965928577068853,0.011965928577068853,True,False,False,,,
18,533.9983328702417,0.011489316772227254,0.011489316772227254,True,False,False,,,
18,3902.7474298416228,0.011135607683766969,0.00538671856227866,True,False,False,,,
18,963.3487079744374,0.009602356106859333,0.009602356106859333,True,False,False,,,
18,2151.3475965545986,0.009219960126523584,0.009219960126523584,True,False,False,,,
18,3032.3901083634346,0.008375579773271496,0.008375579773271496,True,False,False,,,
18,638.9074742984162,0.008210044488632384,0.008210044488632384,True,False,False,,,
18,2008.5545984995833,0.008142670156275664,0.008142670156275664,True,False,False,,,
18,1911.4165045846069,0.00775561553473712,0.00775561553473712,True,False,False,,,
18,1439.3253681578217,0.007513749538728909,0.007513749538728909,True,False,False,,,
18,3734.6985273687137,0.0073292252804701245,0.0073292252804701245,True,False,False,,,
18,2047.409836065574,0.0071072408913203725,0.0071072408913203725,True,False,False,,,
18,1212.9936093359265,0.006823974507709996,0.006823974507709996,True,False,False,,,
18,3840.579049736038,0.006606026800384319,0.006606026800384319,True,False,False,,,
18,1349.9583217560435,0.006232228974479559,0.006232228974479559,True,False,False,,,
18,2141.6337871631013,0.00612286434970208,0.00612286434970208,True,False,False,,,
18,2350.4806890803,0.005977112955400973,0.005977112955400973,True,False,False,,,
18,2032.8391219783273,0.005813567840859424,0.005813567840859424,True,False,False,,,
18,2166.8896915809946,0.005557549675484972,0.005557549675484972,True,False,False,,,
18,3633.6749096971384,0.005503597845137098,0.005503597845137098,True,False,False,,,
18,2106.6640733537097,0.005266149609763435,0.005266149609763435,True,False,False,,,
18,2321.3392609058074,0.005004800341280313,0.005004800341280313,True,False,False,,,
18,2231.000833564879,0.0049699057735422235,0.0049699057735422235,True,False,False,,,
18,1273.219227563212,0.0045555127301984966,0.0045555127301984966,True,False,False,,,
18,3863.892192275632,0.004519539876421404,0.004519539876421404,True,False,False,,,
18,1989.126979716588,0.004049082264434976,0.004049082264434976,True,False,False,,,
18,3723.0419560989167,0.003993566578970088,0.003993566578970088,True,False,False,,,
18,3192.6679633231456,0.0039901881963429475,0.0039901881963429475,True,False,False,,,
18,3930.917477076966,0.0039058033857323343,0.0039058033857323343,True,False,False,,,
18,3782.296193387052,0.0038307515408261654,0.0038307515408261654,True,False,False,,,
18,2018.2684078910809,0.003795851067946651,0.003795851067946651,True,False,False,,,
18,1946.3862183939984,0.0037720398370156977,0.0037720398370156977,True,False,False,,,
18,2096.9502639622115,0.0036939260418415235,0.0036939260418415235,True,False,False,,,
18,2208.6590719644346,0.0036913538411009264,0.0036913538411009264,True,False,False,,,
18,1924.0444567935538,0.0036040815967794924,0.0036040815967794924,True,False,False,,,
18,2058.0950263962213,0.0035514532033088676,0.0035514532033088676,True,False,False,,,
18,2160.0900250069462,0.003523977765484118,0.003523977765484118,True,False,False,,,
18,2125.1203111975547,0.0033835259165306344,0.0033835259165306344,True,False,False,,,
18,1846.3339816615728,0.0033691553517966218,0.0033691553517966218,True,False,False,,,
18,3948.4023339816617,0.0032627750511300888,0.0032627750511300888,True,False,False,,,
18,2377.6793553764937,0.0030747559300069102,0.0030747559300069102,True,False,False,,,
18,650.5640455682134,0.003028571812528358,0.003028571812528358,True,False,False,,,
18,3648.245623784385,0.0030195212012172484,0.0030195212012172484,True,False,False,,,
18,3681.2725757154767,0.003014132331306256,0.003014132331306256,True,False,False,,,
18,3564.706863017505,0.0029936382603599487,0.0029936382603599487,True,False,False,,,
18,3596.762434009447,0.002964023216591817,0.002964023216591817,True,False,False,,,
18,2221.2870241733817,0.002837442055086077,0.002837442055086077,True,False,False,,,
18,3709.44262295082,0.002779559281412894,0.002779559281412894,True,False,False,,,
18,3445.2270075020842,0.0026795444839407614,0.0026795444839407614,True,False,False,,,
18,1959.0141706029453,0.0026019904548825693,0.0026019904548825693,True,False,False,,,
18,1971.6421228118922,0.002577762289517553,0.002577762289517553,True,False,False,,,
18,3974.629619338705,0.0023987094424644598,,False,False,False,,,
18,3526.8230063906644,0.00230859340227782,0.00230859340227782,True,False,False,,,
18,2506.873020283412,0.0022894229762304708,0.0022894229762304708,True,False,False,,,
18,3818.237288135593,0.002215746138173616,0.002215746138173616,True,False,False,,,
18,3616.1900527924427,0.0021778470277053555,0.0021778470277053555,True,False,False,,,
18,2486.474020561267,0.0020752236356283496,0.0020752236356283496,True,False,False,,,
18,,,,,,,87.0,86.0,True
19,1063.400944706863,1.0,0.7285951662073901,True,True,False,,,
19,1705.4837454848569,0.8731871796056463,0.8731871796056463,True,False,False,,,
19,1529.6637954987498,0.6019669877515499,0.6019669877515499,True,False,False,,,
19,1135.2831342039456,0.4022244261046005,0.4022244261046005,True,False,False,,,
19,508.7424284523479,0.3387996586369384,0.12032973338612252,True,False,True,,,
19,1413.098082800778,0.28209609245883127,0.28209609245883127,True,False,False,,,
19,766.1583773270353,0.2767648605125273,0.2767648605125273,True,False,False,,,
19,1597.6604612392332,0.2639845982458603,0.2639845982458603,True,False,False,,,
19,816.670186162823,0.20530832067234356,0.20530832067234356,True,False,False,,,
19,2951.765490414004,0.16939105566549925,0.14525468063922237,True,False,False,,,
19,3319.9188663517643,0.12015959729766743,0.12015959729766743,True,False,False,,,
19,1308.1889413726035,0.11574069018840799,0.11574069018840799,True,False,False,,,
19,1166.367324256738,0.09699653334052172,0.09699653334052172,True,False,False,,,
19,1214.9363712142263,0.093461113736508,0.093461113736508,True,False,False,,,
19,606.851903306474,0.08809797802157282,0.08809797802157282,True,False,False,,,
19,1454.8674631842177,0.07399323270003585,0.07399323270003585,True,False,False,,,
19,665.1347596554599,0.03533012204756675,0.03533012204756675,True,False,False,,,
19,1017.7460405668241,0.034457063055401194,0.034457063055401194,True,False,False,,,
19,1725.882745207002,0.030643615150362846,0.030643615150362846,True,False,False,,,
19,1202.3084190052791,0.02252489183618922,0.02252489183618922,True,False,False,,,
19,1380.071130869686,0.02152471579164894,0.02152471579164894,True,False,False,,,
19,915.751041956099,0.020780995428230475,0.020780995428230475,True,False,False,,,
19,859.4109474854126,0.019477579363068043,0.019477579363068043,True,False,False,,,
19,2106.6640733537097,0.019410987448578935,0.019410987448578935,True,False,False,,,
19,711.7610447346485,0.015149846655220733,0.015149846655220733,True,False,False,,,
19,2017.2970269519312,0.014454477676719587,0.014454477676719587,True,False,False,,,
19,581.5959988885802,0.014387460896147508,0.014387460896147508,True,False,False,,,
19,962.3773270352876,0.011846295546364793,0.011846295546364793,True,False,False,,,
19,1987.1842178382885,0.011070521330651143,0.011070521330651143,True,False,False,,,
19,3123.699916643512,0.010915546666721981,0.010915546666721981,True,False,False,,,
19,559.2542372881356,0.008649376998175085,0.008649376998175085,True,False,False,,,
19,2167.8610725201443,0.008306772003631868,0.008306772003631868,True,False,False,,,
19,636.9647124201167,0.007962532721958127,0.007962532721958127,True,False,False,,,
19,2210.601833842734,0.007783366739657231,0.007783366739657231,True,False,False,,,
19,3033.3614893025842,0.006666064821000538,0.006666064821000538,True,False,False,,,
19,2872.1122534037236,0.006467834323360594,0.006467834323360594,True,False,False,,,
19,1906.559599888858,0.006165350526750598,0.006165350526750598,True,False,False,,,
19,2005.640455682134,0.006020383005435731,0.006020383005435731,True,False,False,,,
19,1971.6421228118922,0.005641664363658174,0.005641664363658174,True,False,False,,,
19,2317.453737149208,0.005449359321695758,0.005449359321695758,True,False,False,,,
19,1440.2967490969713,0.005312344110691536,0.005312344110691536,True,False,False,,,
19,2081.4081689358154,0.0052747831547434055,0.0052747831547434055,True,False,False,,,
19,1352.8724645734928,0.00504048707959498,0.00504048707959498,True,False,False,,,
19,653.4781883856626,0.004815898551578435,0.004815898551578435,True,False,False,,,
19,3990.1717143651017,0.004680348998970709,,False,False,True,,,
19,2182.4317866073907,0.004040155145779172,0.004040155145779172,True,False,False,,,
19,1950.2717421505974,0.003970282026986136,0.003970282026986136,True,False,False,,,
19,3818.237288135593,0.003915124137789688,0.003915124137789688,True,False,False,,,
19,2142.605168102251,0.003346245141305392,0.003346245141305392,True,False,False,,,
19,3191.6965823839955,0.0032444426734017234,0.0032444426734017234,True,False,False,,,
19,2199.916643512087,0.0031850567889463756,0.0031850567889463756,True,False,False,,,
19,3724.984717977216,0.0030428189021277467,0.0030428189021277467,True,False,False,,,
19,3749.26924145596,0.0030415851024949946,0.0030415851024949946,True,False,False,,,
19,2246.5429285912755,0.0029312476197249845,0.0029312476197249845,True,False,False,,,
19,674.8485690469574,0.0028815180907775795,0.0028815180907775795,True,False,False,,,
19,2055.180883578772,0.002820643747958429,0.002820643747958429,True,False,False,,,
19,2151.3475965545986,0.0027731274856226075,0.0027731274856226075,True,False,False,,,
19,3442.312864684635,0.0027460015302785204,0.0027460015302785204,True,False,False,,,
19,3564.706863017505,0.002698404366189698,0.002698404366189698,True,False,False,,,
19,3618.132814670742,0.0026906803367411636,0.0026906803367411636,True,False,False,,,
19,1878.389552653515,0.002622645526172085,0.002622645526172085,True,False,False,,,
19,2349.5093081411505,0.0025242728405649173,0.0025242728405649173,True,False,False,,,
19,685.5337593776048,0.0022428448492746167,0.0022428448492746167,True,False,False,,,
19,3862.9208113364825,0.0022062361043824856,0.0022062361043824856,True,False,False,,,
19,1846.3339816615728,0.0021868220573274238,0.0021868220573274238,True,False,False,,,
19,2560.298971936649,0.002184622796894291,0.002184622796894291,True,False,False,,,
19,2376.707974437344,0.0021433881385649126,0.0021433881385649126,True,False,False,,,
19,3902.7474298416228,0.0020027576377122033,0.0020027576377122033,True,False,False,,,
19,,,,,,,68.0,67.0,True
20,1725.882745207002,1.0,0.9210357657649886,True,True,False,,,
20,1136.2545151430954,0.9110637156386918,0.7511322270103218,True,False,False,,,
20,1529.6637954987498,0.5428424438664432,0.5428424438664432,True,False,False,,,
20,1063.400944706863,0.41915873115443203,0.41915873115443203,True,False,False,,,
20,509.71380939149765,0.2884925003980037,0.10731284951800169,True,False,True,,,
20,767.129758266185,0.2538019769046316,0.2538019769046316,True,False,False,,,
20,1413.098082800778,0.24345279653216081,0.24345279653216081,True,False,False,,,
20,1597.6604612392332,0.22303095610423102,0.22303095610423102,True,False,False,,,
20,816.670186162823,0.17197766589575064,0.17197766589575064,True,False,False,,,
20,2950.7941094748544,0.16873530692472535,0.1500004374417618,True,False,False,,,
20,3320.8902472909144,0.10410821073614246,0.10410821073614246,True,False,False,,,
20,1309.1603223117531,0.09726604650015724,0.09726604650015724,True,False,False,,,
20,1164.4245623784386,0.08973158074595211,0.08973158074595211,True,False,False,,,
20,1214.9363712142263,0.0768222183056878,0.0768222183056878,True,False,False,,,
20,1455.8388441233676,0.07011298864424548,0.07011298864424548,True,False,False,,,
20,606.851903306474,0.06555952290478317,0.06555952290478317,True,False,False,,,
20,666.1061405946097,0.036906117876591815,0.036906117876591815,True,False,False,,,
20,1380.071130869686,0.02540594695007045,0.02540594695007045,True,False,False,,,
20,1017.7460405668241,0.02412464584544216,0.02412464584544216,True,False,False,,,
20,915.751041956099,0.021429268963403414,0.021429268963403414,True,False,False,,,
20,859.4109474854126,0.020288407172979916,0.020288407172979916,True,False,False,,,
20,1202.3084190052791,0.017229158406578238,0.017229158406578238,True,False,False,,,
20,2078.4940261183665,0.015039566696191005,0.015039566696191005,True,False,False,,,
20,957.5204223395388,0.013729317303785016,0.013729317303785016,True,False,False,,,
20,710.7896637954988,0.013275549316229596,0.013275549316229596,True,False,False,,,
20,2019.2397888302307,0.012126123237387713,0.012126123237387713,True,False,False,,,
20,2167.8610725201443,0.01160317758422632,0.01160317758422632,True,False,False,,,
20,1987.1842178382885,0.010765042139635212,0.010765042139635212,True,False,False,,,
20,3121.757154765213,0.008959252363461075,0.008959252363461075,True,False,False,,,
20,636.9647124201167,0.00824405206893486,0.00824405206893486,True,False,False,,,
20,3901.776048902473,0.008177954657715307,0.005253338724155149,True,False,False,,,
20,2349.5093081411505,0.008149146387853454,0.008149146387853454,True,False,False,,,
20,534.9697138093915,0.00805872444575556,0.00805872444575556,True,False,False,,,
20,2872.1122534037236,0.007601684129691991,0.007601684129691991,True,False,False,,,
20,1964.8424562378439,0.006527155802025068,0.006527155802025068,True,False,False,,,
20,3734.6985273687137,0.005950723672181031,0.005950723672181031,True,False,False,,,
20,2034.781883856627,0.005070701448226338,0.005070701448226338,True,False,False,,,
20,1924.0444567935538,0.00500652469011971,0.00500652469011971,True,False,False,,,
20,3840.579049736038,0.004867486004425933,0.004867486004425933,True,False,False,,,
20,2228.08669074743,0.004858564827049942,0.004858564827049942,True,False,False,,,
20,651.5354265073631,0.004642670440582808,0.004642670440582808,True,False,False,,,
20,1949.3003612114476,0.004598256132460834,0.004598256132460834,True,False,False,,,
20,3033.3614893025842,0.004528856279570018,0.004528856279570018,True,False,False,,,
20,576.7390941928313,0.004313031252793198,0.004313031252793198,True,False,False,,,
20,1648.1722700750208,0.004250955924970434,0.004250955924970434,True,False,False,,,
20,3797.8382884134485,0.003988065025307578,0.003988065025307578,True,False,False,,,
20,3633.6749096971384,0.0038701058029481893,0.0038701058029481893,True,False,False,,,
20,3931.8888580161156,0.0038386426435496786,0.0027448891171691046,True,False,False,,,
20,3565.6782439566546,0.0037128116165724805,0.0037128116165724805,True,False,False,,,
20,1353.8438455126425,0.0037122685133004485,0.0037122685133004485,True,False,False,,,
20,2199.916643512087,0.0035852142546084435,0.0035852142546084435,True,False,False,,,
20,2001.754931925535,0.0034888741009719924,0.0034888741009719924,True,False,False,,,
20,3724.0133370380663,0.0034698834974786416,0.0034698834974786416,True,False,False,,,
20,1910.4451236454572,0.003384679954653358,0.003384679954653358,True,False,False,,,
20,2151.3475965545986,0.0033675732277782637,0.0033675732277782637,True,False,False,,,
20,2057.1236454570717,0.0031068198282028954,0.0031068198282028954,True,False,False,,,
20,3756.0689080300085,0.003018838386596487,0.003018838386596487,True,False,False,,,
20,3194.610725201445,0.00295002073576231,0.00295002073576231,True,False,False,,,
20,3616.1900527924427,0.002823578744968809,0.002823578744968809,True,False,False,,,
20,3444.255626562934,0.002793712916162844,0.002793712916162844,True,False,False,,,
20,2318.425118088358,0.002584302753374512,0.002584302753374512,True,False,False,,,
20,1440.2967490969713,0.0025527319003340043,0.0025527319003340043,True,False,False,,,
20,2111.5209780494583,0.002420986008219871,0.002420986008219871,True,False,False,,,
20,2247.514309530425,0.002354747104804763,0.002354747104804763,True,False,False,,,
20,2121.234787440956,0.0023321505695737873,0.0023321505695737873,True,False,False,,,
20,2214.4873575993333,0.002212446160346694,0.002212446160346694,True,False,False,,,
20,3871.66323978883,0.0022103010886863964,0.0022103010886863964,True,False,False,,,
20,3594.819672131148,0.0021607721566923623,0.0021607721566923623,True,False,False,,,
20,3524.8802445123647,0.002141210555670181,0.002141210555670181,True,False,False,,,
20,,,,,,,69.0,69.0,True
21,1087.685468185607,1.0,0.8460738448816868,True,True,False,,,
21,1533.5493192553488,0.29884160583697905,0.29884160583697905,True,False,False,,,
21,1219.793275909975,0.2411629816759219,0.2411629816759219,True,False,False,,,
21,1727.8255070853015,0.23201272139147833,0.23201272139147833,True,False,False,,,
21,2866.283967768825,0.2245045139974803,0.20730251659142354,True,False,False,,,
21,511.65657126979715,0.20215922461155758,0.06922328586785687,True,False,True,,,
21,816.670186162823,0.15340019916080627,0.15340019916080627,True,False,False,,,
21,1372.300083356488,0.14995473619460686,0.14995473619460686,True,False,False,,,
21,1598.6318421783828,0.14752152370681543,0.14752152370681543,True,False,False,,,
21,922.5507085301473,0.12439129899774781,0.12439129899774781,True,False,False,,,
21,767.129758266185,0.12096885408208516,0.12096885408208516,True,False,False,,,
21,1308.1889413726035,0.11092476281306543,0.11092476281306543,True,False,False,,,
21,1453.896082245068,0.10441371157448093,0.10441371157448093,True,False,False,,,
21,1413.098082800778,0.10375822248601782,0.10375822248601782,True,False,False,,,
21,1015.8032786885246,0.07334029872880116,0.07334029872880116,True,False,False,,,
21,2969.2503473187,0.07174473677053966,0.07174473677053966,True,False,False,,,
21,701.0758544040011,0.0643681668522364,0.0643681668522364,True,False,False,,,
21,3302.4340094470685,0.04373197047079126,0.04373197047079126,True,False,False,,,
21,1344.1300361211447,0.03290987080457278,0.03290987080457278,True,False,False,,,
21,605.8805223673243,0.018133408005946233,0.018133408005946233,True,False,False,,,
21,1512.178938594054,0.015600700386301403,0.015600700386301403,True,False,False,,,
21,2080.4367879966658,0.01333852522964146,0.01333852522964146,True,False,False,,,
21,665.1347596554599,0.010435263725287663,0.010435263725287663,True,False,False,,,
21,1275.1619894415117,0.009280434392060805,0.009280434392060805,True,False,False,,,
21,1710.3406501806057,0.009040687485821819,0.009040687485821819,True,False,False,,,
21,2166.8896915809946,0.00898514093039518,0.00898514093039518,True,False,False,,,
21,1989.126979716588,0.006894833596383106,0.006894833596383106,True,False,False,,,
21,712.7324256737983,0.006725684317341801,0.006725684317341801,True,False,False,,,
21,637.9360933592665,0.006599999092569725,0.006599999092569725,True,False,False,,,
21,1958.0427896637955,0.006251554886813535,0.006251554886813535,True,False,False,,,
21,558.2828563489859,0.005791816500621272,0.005791816500621272,True,False,False,,,
21,3120.7857738260627,0.005725599871790339,0.005725599871790339,True,False,False,,,
21,2002.7263128646848,0.005442985584359791,0.005442985584359791,True,False,False,,,
21,545.6549041400389,0.005300581578867675,0.005300581578867675,True,False,False,,,
21,2322.310641844957,0.005299207414885453,0.005299207414885453,True,False,False,,,
21,2141.6337871631013,0.004993697966976627,0.004993697966976627,True,False,False,,,
21,1911.4165045846069,0.004990590973375612,0.004990590973375612,True,False,False,,,
21,2054.209502639622,0.004715134754976891,0.004715134754976891,True,False,False,,,
21,2151.3475965545986,0.004583688626564818,0.004583688626564818,True,False,False,,,
21,1069.2292303417616,0.004342810784319195,0.004342810784319195,True,False,False,,,
21,2928.4523478744095,0.004072488989618539,0.004072488989618539,True,False,False,,,
21,1980.3845512642401,0.004069619811672183,0.004069619811672183,True,False,False,,,
21,2025.0680744651293,0.004061839251544259,0.004061839251544259,True,False,False,,,
21,2243.628785773826,0.0040449116972721445,0.0040449116972721445,True,False,False,,,
21,3032.3901083634346,0.003582394589250859,0.003582394589250859,True,False,False,,,
21,855.5254237288136,0.0035533556519042886,0.0035533556519042886,True,False,False,,,
21,2194.088357877188,0.0033569094811662283,0.0033569094811662283,True,False,False,,,
21,3990.1717143651017,0.0031876138027123156,,False,False,True,,,
21,1648.1722700750208,0.003125908825325943,0.003125908825325943,True,False,False,,,
21,2213.5159766601837,0.002879363184629658,0.002879363184629658,True,False,False,,,
21,3189.7538205056962,0.00275045018093506,0.00275045018093506,True,False,False,,,
21,2009.525979438733,0.0024832474726945893,0.0024832474726945893,True,False,False,,,
21,1972.6135037510421,0.0023208116502192316,0.0023208116502192316,True,False,False,,,
21,2113.463739927758,0.002165398646166817,0.002165398646166817,True,False,False,,,
21,,,,,,,54.0,53.0,True
22,2914.853014726313,1.0,0.9972213549307647,True,True,False,,,
22,2847.8277299249794,0.6477269439237564,0.6477269439237564,True,False,False,,,
22,1733.6537927202,0.47202865385682147,0.4372790328947994,True,False,False,,,
22,1097.3992775771048,0.34887940294984054,0.2756860614836854,True,False,False,,,
22,719.5320922478467,0.21026064479733192,0.21026064479733192,True,False,False,,,
22,1463.6098916365659,0.20651977406042374,0.20651977406042374,True,False,False,,,
22,963.3487079744374,0.1216374063652382,0.1216374063652382,True,False,False,,,
22,500.0,0.11872708524320752,,False,False,True,,,
22,1153.7393720477912,0.11092465546485508,0.11092465546485508,True,False,False,,,
22,698.1617115865519,0.09333699402731602,0.09333699402731602,True,False,False,,,
22,1396.584606835232,0.07010978283640303,0.07010978283640303,True,False,False,,,
22,1539.3776048902473,0.06983912943609819,0.06983912943609819,True,False,False,,,
22,2955.651014170603,0.06031099112606203,0.06031099112606203,True,False,False,,,
22,1374.2428452347876,0.048615092137073004,0.048615092137073004,True,False,False,,,
22,806.9563767713254,0.04844493887671056,0.04844493887671056,True,False,False,,,
22,1200.3656571269798,0.03294156752071953,0.03294156752071953,True,False,False,,,
22,1256.7057515976662,0.03289161668828122,0.03289161668828122,True,False,False,,,
22,909.9227563212003,0.024870010012367355,0.024870010012367355,True,False,False,,,
22,1308.1889413726035,0.023287268505635908,0.023287268505635908,True,False,False,,,
22,1596.6890803000833,0.02182304179051623,0.02182304179051623,True,False,False,,,
22,1169.2814670741873,0.016234949673459897,0.016234949673459897,True,False,False,,,
22,2162.032786885246,0.014525958298909562,0.014525958298909562,True,False,False,,,
22,1287.7899416504583,0.014116518686911828,0.014116518686911828,True,False,False,,,
22,557.311475409836,0.01384399237524564,0.01384399237524564,True,False,False,,,
22,874.9530425118089,0.013576822288306284,0.013576822288306284,True,False,False,,,
22,528.1700472353432,0.013218576759760653,0.013218576759760653,True,False,False,,,
22,2017.2970269519312,0.011510798417574984,0.011510798417574984,True,False,False,,,
22,2184.374548485691,0.011492138870875513,0.011492138870875513,True,False,False,,,
22,2005.640455682134,0.010829186200213005,0.010829186200213005,True,False,False,,,
22,729.2459016393443,0.010756867773870665,0.010756867773870665,True,False,False,,,
22,1979.4131703250903,0.010456508680377829,0.010456508680377829,True,False,False,,,
22,3301.462628507919,0.009528146897117954,0.009528146897117954,True,False,False,,,
22,1966.7852181161434,0.00948928696827727,0.00948928696827727,True,False,False,,,
22,2079.465407057516,0.009421183091363555,0.009421183091363555,True,False,False,,,
22,1418.9263684356765,0.008399438677733934,0.008399438677733934,True,False,False,,,
22,3902.7474298416228,0.008289572066982448,0.005129220667497924,True,False,False,,,
22,1329.5593220338983,0.006976179471652272,0.006976179471652272,True,False,False,,,
22,1639.429841622673,0.0067986138902781865,0.0067986138902781865,True,False,False,,,
22,1949.3003612114476,0.005802096997390209,0.005802096997390209,True,False,False,,,
22,1989.126979716588,0.005660631524945024,0.005660631524945024,True,False,False,,,
22,1243.1064184495694,0.005556102024804055,0.005556102024804055,True,False,False,,,
22,2152.318977493748,0.005501049369293227,0.005501049369293227,True,False,False,,,
22,567.9966657404834,0.005462332109101742,0.005462332109101742,True,False,False,,,
22,3839.607668796888,0.005364078711621946,0.005364078711621946,True,False,False,,,
22,2318.425118088358,0.005200327914501458,0.005200327914501458,True,False,False,,,
22,2055.180883578772,0.004996340758707169,0.004996340758707169,True,False,False,,,
22,2142.605168102251,0.0049198199578394195,0.0049198199578394195,True,False,False,,,
22,1924.0444567935538,0.004891361849964931,0.004891361849964931,True,False,False,,,
22,616.5657126979717,0.004872266929160651,0.004872266929160651,True,False,False,,,
22,3734.6985273687137,0.004848060361259814,0.004848060361259814,True,False,False,,,
22,2193.1169769380385,0.004454271256576011,0.004454271256576011,True,False,False,,,
22,1234.3639899972213,0.0043722785160625055,0.0043722785160625055,True,False,False,,,
22,2045.4670741872744,0.004301421010268798,0.004301421010268798,True,False,False,,,
22,1658.8574604056682,0.004296298083361766,0.004296298083361766,True,False,False,,,
22,2234.8863573214785,0.004117341163364315,0.004117341163364315,True,False,False,,,
22,637.9360933592665,0.004063313955416856,0.004063313955416856,True,False,False,,,
22,548.5690469574882,0.003957076224402056,0.003957076224402056,True,False,False,,,
22,577.7104751319811,0.003828525481844508,0.003828525481844508,True,False,False,,,
22,888.5523756599055,0.003598578457774365,0.003598578457774365,True,False,False,,,
22,1213.9649902750764,0.003560468814826301,0.003560468814826301,True,False,False,,,
22,1897.8171714365103,0.0035217131905804656,0.0035217131905804656,True,False,False,,,
22,2211.573214781884,0.003462315567846411,0.003462315567846411,True,False,False,,,
22,2222.2584051125314,0.0034367423437919077,0.0034367423437919077,True,False,False,,,
22,1868.6757432620172,0.0033603775442797032,0.0033603775442797032,True,False,False,,,
22,2033.8105029174772,0.0032233120099607725,0.0032233120099607725,True,False,False,,,
22,3756.0689080300085,0.00307945827535087,0.00307945827535087,True,False,False,,,
22,3642.417338149486,0.0029992772828415252,0.0029992772828415252,True,False,False,,,
22,505.8282856348986,0.002983865976071365,0.002983865976071365,True,False,True,,,
22,1070.2006112809113,0.0029453613393773947,0.0029453613393773947,True,False,False,,,
22,1361.6148930258405,0.0029325789427361304,0.0029325789427361304,True,False,False,,,
22,2246.5429285912755,0.0028831552283023754,0.0028831552283023754,True,False,False,,,
22,2343.681022506252,0.002738558764713527,0.002738558764713527,True,False,False,,,
22,1689.9416504584608,0.0026882753914893517,0.0026882753914893517,True,False,False,,,
22,756.4445679355376,0.0025960822716210308,0.0025960822716210308,True,False,False,,,
22,3724.0133370380663,0.0025522749680159445,0.0025522749680159445,True,False,False,,,
22,3862.9208113364825,0.0025231456377250447,0.0025231456377250447,True,False,False,,,
22,3943.545429285913,0.002506887580087407,0.002506887580087407,True,False,False,,,
22,3565.6782439566546,0.002498956067807206,0.002498956067807206,True,False,False,,,
22,3692.9291469852737,0.0024794749205538395,0.0024794749205538395,True,False,False,,,
22,2873.083634342873,0.002470076864591414,0.002470076864591414,True,False,False,,,
22,2113.463739927758,0.002327552972994548,0.002327552972994548,True,False,False,,,
22,3445.2270075020842,0.0022623982373261194,0.0022623982373261194,True,False,False,,,
22,3680.301194776327,0.0020866856879683112,0.0020866856879683112,True,False,False,,,
22,3974.629619338705,0.0020800458667696612,,False,False,False,,,
22,,,,,,,84.0,82.0,True
23,697.1903306474021,1.0,0.8512039425872595,True,True,False,,,
23,907.9799944429008,0.7504591276677525,0.7504591276677525,True,False,False,,,
23,2917.767157543762,0.6581726257528135,0.6581726257528135,True,False,False,,,
23,965.2914698527369,0.4285809341821736,0.4285809341821736,True,False,False,,,
23,1451.9533203667686,0.27067315847459694,0.27067315847459694,True,False,False,,,
23,991.5187552097805,0.18866849637880287,0.18866849637880287,True,False,False,,,
23,2849.7704918032787,0.16589996865006446,0.16589996865006446,True,False,False,,,
23,1639.429841622673,0.10275758768228725,0.10275758768228725,True,False,False,,,
23,540.7979994442901,0.10242852175851264,0.09795038014304747,True,False,False,,,
23,1492.7513198110587,0.09061981345811412,0.09061981345811412,True,False,False,,,
23,1376.185607113087,0.07126422983483446,0.07126422983483446,True,False,False,,,
23,1417.9549874965269,0.06046175071002491,0.06046175071002491,True,False,False,,,
23,747.7021394831897,0.056410345589732985,0.056410345589732985,True,False,False,,,
23,3071.2453459294247,0.04068920116699829,0.04068920116699829,True,False,False,,,
23,1600.5746040566826,0.039975800959173594,0.039975800959173594,True,False,False,,,
23,1739.4820783550988,0.0356057423795348,0.0356057423795348,True,False,False,,,
23,1069.2292303417616,0.02517089227486702,0.02517089227486702,True,False,False,,,
23,1027.4598499583217,0.024945941496049964,0.024945941496049964,True,False,False,,,
23,666.1061405946097,0.02301317502592931,0.02301317502592931,True,False,False,,,
23,2017.2970269519312,0.0209064041037724,0.0209064041037724,True,False,False,,,
23,2007.5832175604335,0.02052220896145407,0.02052220896145407,True,False,False,,,
23,1239.2208946929704,0.020225080426675562,0.020225080426675562,True,False,False,,,
23,1980.3845512642401,0.018249322342330957,0.018249322342330957,True,False,False,,,
23,2159.1186440677966,0.018150684478059884,0.018150684478059884,True,False,False,,,
23,500.97138093914975,0.016268160572282864,0.0022785955455814078,True,False,True,,,
23,3005.191442067241,0.015732365972447662,0.015732365972447662,True,False,False,,,
23,3902.7474298416228,0.013667450003662414,0.00760671437600633,True,False,False,,,
23,1966.7852181161434,0.013643444900051177,0.013643444900051177,True,False,False,,,
23,1311.1030841900529,0.013391256598689255,0.013391256598689255,True,False,False,,,
23,2183.4031675465408,0.011758586278904594,0.011758586278904594,True,False,False,,,
23,2150.376215615449,0.011246974224061653,0.011246974224061653,True,False,False,,,
23,1948.328980272298,0.01120782776888526,0.01120782776888526,True,False,False,,,
23,1824.963601000278,0.009900186830556327,0.009900186830556327,True,False,False,,,
23,1153.7393720477912,0.009780135903753151,0.009780135903753151,True,False,False,,,
23,2168.8324534592944,0.009754257737573678,0.009754257737573678,True,False,False,,,
23,2079.465407057516,0.009608739046364136,0.009608739046364136,True,False,False,,,
23,3024.619060850236,0.008984636023524173,0.008984636023524173,True,False,False,,,
23,3547.222006112809,0.008925837114054917,0.008925837114054917,True,False,False,,,
23,3735.6699083078634,0.008718908141878496,0.008718908141878496,True,False,False,,,
23,511.65657126979715,0.008704100083613525,0.008704100083613525,True,False,True,,,
23,2025.0680744651293,0.008606126591423745,0.008606126591423745,True,False,False,,,
23,1542.2917477076967,0.008570977418519879,0.008570977418519879,True,False,False,,,
23,2322.310641844957,0.008270286634498858,0.008270286634498858,True,False,False,,,
23,720.5034731869964,0.00721788124929551,0.00721788124929551,True,False,False,,,
23,3649.2170047235345,0.007003119036956058,0.007003119036956058,True,False,False,,,
23,2209.6304529035842,0.006987257857873654,0.006987257857873654,True,False,False,,,
23,1869.6471242011671,0.006950825423776485,0.006950825423776485,True,False,False,,,
23,1508.2934148374547,0.006776353157037451,0.006776353157037451,True,False,False,,,
23,3724.0133370380663,0.006399373007531281,0.006399373007531281,True,False,False,,,
23,3840.579049736038,0.0063975300642330705,0.0063975300642330705,True,False,False,,,
23,1216.8791330925258,0.00619469187287483,0.00619469187287483,True,False,False,,,
23,621.4226173937204,0.006183577074215768,0.006183577074215768,True,False,False,,,
23,2106.6640733537097,0.006108580657837936,0.006108580657837936,True,False,False,,,
23,1582.118366212837,0.005839153749191847,0.005839153749191847,True,False,False,,,
23,3395.6865796054462,0.005798960551278038,0.005798960551278038,True,False,False,,,
23,1924.0444567935538,0.005710206656793011,0.005710206656793011,True,False,False,,,
23,609.7660461239233,0.005296292247346762,0.005296292247346762,True,False,False,,,
23,3880.4056682411783,0.005180854478424402,0.005180854478424402,True,False,False,,,
23,558.2828563489859,0.005086106470199192,0.005086106470199192,True,False,False,,,
23,1260.5912753542652,0.00497538265977468,0.00497538265977468,True,False,False,,,
23,2056.152264517922,0.004951738303511843,0.004951738303511843,True,False,False,,,
23,594.2239510975271,0.004936603974298792,0.004936603974298792,True,False,False,,,
23,3923.146429563768,0.004906323157336649,0.004338270674704578,True,False,False,,,
23,3680.301194776327,0.004859219500621731,0.004859219500621731,True,False,False,,,
23,874.9530425118089,0.0048053703159391115,0.0048053703159391115,True,False,False,,,
23,2361.1658794109476,0.004527640210941746,0.004527640210941746,True,False,False,,,
23,1348.9869408168936,0.004463323735316688,0.004463323735316688,True,False,False,,,
23,3617.1614337315923,0.004111521371306188,0.004111521371306188,True,False,False,,,
23,1890.046123923312,0.003880008707343051,0.003880008707343051,True,False,False,,,
23,839.9833287024173,0.003811305731791184,0.003811305731791184,True,False,False,,,
23,2376.707974437344,0.0035562100409805425,0.0035562100409805425,True,False,False,,,
23,575.7677132536816,0.003502686226507734,0.003502686226507734,True,False,False,,,
23,3693.9005279244234,0.003421691451671419,0.003421691451671419,True,False,False,,,
23,2128.0344540150045,0.0033993687153076827,0.0033993687153076827,True,False,False,,,
23,3783.267574326202,0.003168334759048942,0.003168334759048942,True,False,False,,,
23,1680.227841066963,0.003167926854967161,0.003167926854967161,True,False,False,,,
23,1657.8860794665186,0.0031346248216182204,0.0031346248216182204,True,False,False,,,
23,2246.5429285912755,0.0031291839990041023,0.0031291839990041023,True,False,False,,,
23,638.9074742984162,0.002973390690046096,0.002973390690046096,True,False,False,,,
23,2347.566546262851,0.002896314300937855,0.002896314300937855,True,False,False,,,
23,3527.794387329814,0.0028754445695350385,0.0028754445695350385,True,False,False,,,
23,1047.8588496804668,0.002866180059082582,0.002866180059082582,True,False,False,,,
23,1798.7363156432343,0.0027488770392057986,0.0027488770392057986,True,False,False,,,
23,2515.61544873576,0.002703443986861915,0.002703443986861915,True,False,False,,,
23,3826.9797165879413,0.002619083441394018,0.002619083441394018,True,False,False,,,
23,2231.9722145040287,0.0025232985193628203,0.0025232985193628203,True,False,False,,,
23,3662.8163378716313,0.0025207744194533574,0.0025207744194533574,True,False,False,,,
23,1688.970269519311,0.0024956052908214413,0.0024956052908214413,True,False,False,,,
23,2489.3881633787164,0.002444095832951035,0.002444095832951035,True,False,False,,,
23,3944.5168102250627,0.0024152307131683976,0.0024152307131683976,True,False,False,,,
23,1295.5609891636566,0.002391534436372883,0.002391534436372883,True,False,False,,,
23,3863.892192275632,0.0022914034139416353,0.0022914034139416353,True,False,False,,,
23,3758.011669908308,0.002222781334101375,0.002222781334101375,True,False,False,,,
23,807.9277577104751,0.0022025104035874737,0.0022025104035874737,True,False,False,,,
23,1912.3878855237567,0.002197038762912785,0.002197038762912785,True,False,False,,,
23,3640.4745762711864,0.0021842474476238107,0.0021842474476238107,True,False,False,,,
23,3274.263962211726,0.0021731912563612774,0.0021731912563612774,True,False,False,,,
23,2289.283689913865,0.002165185473633424,0.002165185473633424,True,False,False,,,
23,3818.237288135593,0.0021079856067281865,0.0021079856067281865,True,False,False,,,
23,2047.409836065574,0.0020457086617426436,0.0020457086617426436,True,False,False,,,
23,,,,,,,100.0,100.0,True
24,907.0086135037511,1.0,0.9372388447534187,True,True,False,,,
24,2915.824395665463,0.4441168346925729,0.4441168346925729,True,False,False,,,
24,698.1617115865519,0.4107569906224931,0.3963644122706347,True,False,False,,,
24,991.5187552097805,0.3431386943751141,0.3431386943751141,True,False,False,,,
24,1417.9549874965269,0.19441692829419321,0.19441692829419321,True,False,False,,,
24,965.2914698527369,0.19165035692785998,0.19165035692785998,True,False,False,,,
24,1639.429841622673,0.16333231828809808,0.16333231828809808,True,False,False,,,
24,1731.7110308419005,0.15261567844955867,0.15261567844955867,True,False,False,,,
24,665.1347596554599,0.11837301625297553,0.11837301625297553,True,False,False,,,
24,2848.799110864129,0.085991633501934,0.085991633501934,True,False,False,,,
24,1169.2814670741873,0.08009596200381985,0.08009596200381985,True,False,False,,,
24,1451.9533203667686,0.07418942651726115,0.07418942651726115,True,False,False,,,
24,3071.2453459294247,0.06020859282156542,0.06020859282156542,True,False,False,,,
24,1259.6198944151154,0.0601247163625363,0.0601247163625363,True,False,False,,,
24,542.7407613225896,0.035961989864939814,0.035961989864939814,True,False,False,,,
24,1372.300083356488,0.03347239019593032,0.03347239019593032,True,False,False,,,
24,1491.779938871909,0.02875051476198181,0.02875051476198181,True,False,False,,,
24,1294.5896082245067,0.018565563071085117,0.018565563071085117,True,False,False,,,
24,1069.2292303417616,0.01661293687488022,0.01661293687488022,True,False,False,,,
24,1216.8791330925258,0.01655349180458454,0.01655349180458454,True,False,False,,,
24,1600.5746040566826,0.0152501982337587,0.0152501982337587,True,False,False,,,
24,575.7677132536816,0.015037330565504145,0.015037330565504145,True,False,False,,,
24,1965.8138371769937,0.014319093858029892,0.014319093858029892,True,False,False,,,
24,3351.003056404557,0.014147347940505713,0.014147347940505713,True,False,False,,,
24,2010.4973603778828,0.013746508894290573,0.013746508894290573,True,False,False,,,
24,1828.849124756877,0.012985167781315208,0.012985167781315208,True,False,False,,,
24,2152.318977493748,0.012119877852990195,0.012119877852990195,True,False,False,,,
24,558.2828563489859,0.010523443194322843,0.010523443194322843,True,False,False,,,
24,3902.7474298416228,0.009224838194362994,0.004437032666773429,True,False,False,,,
24,2181.460405668241,0.009094032606068819,0.009094032606068819,True,False,False,,,
24,509.71380939149765,0.008306649972951718,0.008306649972951718,True,False,True,,,
24,500.0,0.008084031651892018,,False,False,True,,,
24,1979.4131703250903,0.007684423268264009,0.007684423268264009,True,False,False,,,
24,1310.1317032509032,0.007474344112680623,0.007474344112680623,True,False,False,,,
24,2166.8896915809946,0.006617054028050037,0.006617054028050037,True,False,False,,,
24,2044.4956932481246,0.006554832427613212,0.006554832427613212,True,False,False,,,
24,1989.126979716588,0.006155470330676812,0.006155470330676812,True,False,False,,,
24,1027.4598499583217,0.005920131893344241,0.005920131893344241,True,False,False,,,
24,1046.8874687413172,0.00573119412324101,0.00573119412324101,True,False,False,,,
24,1347.044178938594,0.00551574203191213,0.00551574203191213,True,False,False,,,
24,3840.579049736038,0.005463645400118887,0.005463645400118887,True,False,False,,,
24,1958.0427896637955,0.004984299350528866,0.004984299350528866,True,False,False,,,
24,2080.4367879966658,0.00493183582672606,0.00493183582672606,True,False,False,,,
24,719.5320922478467,0.004927327317421626,0.004927327317421626,True,False,False,,,
24,2029.9249791608781,0.004880405077352176,0.004880405077352176,True,False,False,,,
24,3633.6749096971384,0.00486697177446542,0.00486697177446542,True,False,False,,,
24,2245.5715476521254,0.004716191316722374,0.004716191316722374,True,False,False,,,
24,3724.0133370380663,0.004469793539241486,0.004469793539241486,True,False,False,,,
24,638.9074742984162,0.004443747262461051,0.004443747262461051,True,False,False,,,
24,1949.3003612114476,0.004438483787842956,0.004438483787842956,True,False,False,,,
24,587.4242845234787,0.0044122089226923955,0.0044122089226923955,True,False,False,,,
24,2056.152264517922,0.004375660992817356,0.004375660992817356,True,False,False,,,
24,2141.6337871631013,0.004191423925495735,0.004191423925495735,True,False,False,,,
24,2320.3678799666577,0.004083526760792815,0.004083526760792815,True,False,False,,,
24,3755.097527090859,0.0040411724212166605,0.0040411724212166605,True,False,False,,,
24,1923.0730758544041,0.003972567517200277,0.003972567517200277,True,False,False,,,
24,1867.7043623228676,0.003758075226182992,0.003758075226182992,True,False,False,,,
24,3735.6699083078634,0.003694483292166174,0.003694483292166174,True,False,False,,,
24,3690.9863851069745,0.003624202674845543,0.003624202674845543,True,False,False,,,
24,568.9680466796333,0.0035986599090729043,0.0035986599090729043,True,False,False,,,
24,3003.2486801889413,0.0035645461155130453,0.0035645461155130453,True,False,False,,,
24,2348.537927202001,0.00347169766967512,0.00347169766967512,True,False,False,,,
24,1508.2934148374547,0.0034022902768506905,0.0034022902768506905,True,False,False,,,
24,3881.377049180328,0.0033254495701409564,0.0033254495701409564,True,False,False,,,
24,3948.4023339816617,0.0033190662405231837,0.0033190662405231837,True,False,False,,,
24,1542.2917477076967,0.0032233478285208714,0.0032233478285208714,True,False,False,,,
24,3680.301194776327,0.0027156865822617242,0.0027156865822617242,True,False,False,,,
24,2093.064740205613,0.0026921911441305287,0.0026921911441305287,True,False,False,,,
24,857.4681856071131,0.0026893952154070228,0.0026893952154070228,True,False,False,,,
24,2376.707974437344,0.0026763924041091347,0.0026763924041091347,True,False,False,,,
24,2210.601833842734,0.002625226234539998,0.002625226234539998,True,False,False,,,
24,2255.285357043623,0.0025462567201733066,0.0025462567201733066,True,False,False,,,
24,3826.0083356487917,0.002461746124761439,0.002461746124761439,True,False,False,,,
24,2198.9452625729373,0.0024607281224556642,0.0024607281224556642,True,False,False,,,
24,731.1886635176438,0.002430077148760673,0.002430077148760673,True,False,False,,,
24,2126.0916921367048,0.0024285994748795784,0.0024285994748795784,True,False,False,,,
24,3784.2389552653517,0.0022374202494194664,0.0022374202494194664,True,False,False,,,
24,3923.146429563768,0.0021783173890857314,0.0021783173890857314,True,False,False,,,
24,2113.463739927758,0.00213704895059909,0.00213704895059909,True,False,False,,,
24,,,,,,,79.0,78.0,True
25,697.1903306474021,1.0,0.9190190813314856,True,True,False,,,
25,2918.738538482912,0.5841774880054988,0.5755576607235041,True,False,False,,,
25,907.9799944429008,0.5441634456594308,0.5441634456594308,True,False,False,,,
25,965.2914698527369,0.3955864029713329,0.3955864029713329,True,False,False,,,
25,1451.9533203667686,0.26887703190542567,0.26887703190542567,True,False,False,,,
25,2849.7704918032787,0.14442049607310098,0.14442049607310098,True,False,False,,,
25,991.5187552097805,0.12365386247227547,0.12365386247227547,True,False,False,,,
25,539.8266185051403,0.10722095774304953,0.10722095774304953,True,False,False,,,
25,1492.7513198110587,0.10091462206221133,0.10091462206221133,True,False,False,,,
25,755.4731869963879,0.09319665116016881,0.09319665116016881,True,False,False,,,
25,1639.429841622673,0.08110224145173711,0.08110224145173711,True,False,False,,,
25,1376.185607113087,0.0672825777857225,0.0672825777857225,True,False,False,,,
25,1600.5746040566826,0.04749547787965845,0.04749547787965845,True,False,False,,,
25,1417.9549874965269,0.03350782422914017,0.03350782422914017,True,False,False,,,
25,1027.4598499583217,0.027030170542895193,0.027030170542895193,True,False,False,,,
25,3072.216726868575,0.02699154325166024,0.02699154325166024,True,False,False,,,
25,2167.8610725201443,0.01953132547423796,0.01953132547423796,True,False,False,,,
25,3004.2200611280914,0.016395285938569593,0.016395285938569593,True,False,False,,,
25,1069.2292303417616,0.01631985857084059,0.01631985857084059,True,False,False,,,
25,666.1061405946097,0.016313431471532303,0.016313431471532303,True,False,False,,,
25,2080.4367879966658,0.014090698930071522,0.014090698930071522,True,False,False,,,
25,500.0,0.014044139725553795,,False,False,True,,,
25,1989.126979716588,0.013546616147880029,0.013546616147880029,True,False,False,,,
25,3024.619060850236,0.013398284644781655,0.013398284644781655,True,False,False,,,
25,1744.3389830508474,0.013300795938093149,0.013300795938093149,True,False,False,,,
25,1311.1030841900529,0.011644181887050353,0.011644181887050353,True,False,False,,,
25,1153.7393720477912,0.011618518353832749,0.011618518353832749,True,False,False,,,
25,1542.2917477076967,0.011598414599654938,0.011598414599654938,True,False,False,,,
25,3903.7188107807724,0.010628385918598634,0.006367638029515751,True,False,False,,,
25,2017.2970269519312,0.01049904116587375,0.01049904116587375,True,False,False,,,
25,2159.1186440677966,0.01039698654824189,0.01039698654824189,True,False,False,,,
25,2025.0680744651293,0.009621808582103106,0.009621808582103106,True,False,False,,,
25,1508.2934148374547,0.009186174387978183,0.009186174387978183,True,False,False,,,
25,2183.4031675465408,0.009051006755119446,0.009051006755119446,True,False,False,,,
25,3308.2622950819673,0.009002359767943776,0.009002359767943776,True,False,False,,,
25,1867.7043623228676,0.008499715203523776,0.008499715203523776,True,False,False,,,
25,1949.3003612114476,0.008342642925353059,0.008342642925353059,True,False,False,,,
25,635.0219505418172,0.008067584297421063,0.008067584297421063,True,False,False,,,
25,3724.0133370380663,0.007809477325426693,0.007809477325426693,True,False,False,,,
25,1979.4131703250903,0.007719784582775532,0.007719784582775532,True,False,False,,,
25,1261.5626562934149,0.007639593842733758,0.007639593842733758,True,False,False,,,
25,2321.3392609058074,0.007616073698421464,0.007616073698421464,True,False,False,,,
25,3649.2170047235345,0.007164167069141332,0.007164167069141332,True,False,False,,,
25,1824.963601000278,0.007119889317274843,0.007119889317274843,True,False,False,,,
25,3839.607668796888,0.006969785761434781,0.006969785761434781,True,False,False,,,
25,2005.640455682134,0.006750915826198964,0.006750915826198964,True,False,False,,,
25,1924.0444567935538,0.0059491060600021985,0.0059491060600021985,True,False,False,,,
25,1715.1975548763546,0.005854985301912013,0.005854985301912013,True,False,False,,,
25,1180.9380383439843,0.00551712314612797,0.00551712314612797,True,False,False,,,
25,1216.8791330925258,0.00540834852937612,0.00540834852937612,True,False,False,,,
25,2105.6926924145596,0.005116216953319224,0.005116216953319224,True,False,False,,,
25,510.6851903306474,0.00501442569483318,0.00501442569483318,True,False,True,,,
25,3923.146429563768,0.004955067569314577,0.004897554694449902,True,False,False,,,
25,3734.6985273687137,0.004873211354709082,0.004873211354709082,True,False,False,,,
25,1239.2208946929704,0.004712100255804819,0.004712100255804819,True,False,False,,,
25,874.9530425118089,0.004283034861430182,0.004283034861430182,True,False,False,,,
25,3680.301194776327,0.0042402215274874155,0.0042402215274874155,True,False,False,,,
25,1657.8860794665186,0.004186251966948572,0.004186251966948572,True,False,False,,,
25,3565.6782439566546,0.004138800546659768,0.004138800546659768,True,False,False,,,
25,2377.6793553764937,0.00413447084775221,0.00413447084775221,True,False,False,,,
25,1799.707696582384,0.004075720100808311,0.004075720100808311,True,False,False,,,
25,604.9091414281745,0.004075635312123821,0.004075635312123821,True,False,False,,,
25,2348.537927202001,0.0039786380282621076,0.0039786380282621076,True,False,False,,,
25,3826.0083356487917,0.003919130374904198,0.003919130374904198,True,False,False,,,
25,3863.892192275632,0.0038600286928426406,0.0038600286928426406,True,False,False,,,
25,3615.2186718532926,0.0038495980830794696,0.0038495980830794696,True,False,False,,,
25,2142.605168102251,0.003814385442176273,0.003814385442176273,True,False,False,,,
25,1046.8874687413172,0.0037944318666901095,0.0037944318666901095,True,False,False,,,
25,845.8116143373159,0.0036179487350550127,0.0036179487350550127,True,False,False,,,
25,3755.097527090859,0.0035102083495074394,0.0035102083495074394,True,False,False,,,
25,2254.3139761044736,0.003502731529444209,0.003502731529444209,True,False,False,,,
25,2127.0630730758544,0.0034501210775411285,0.0034501210775411285,True,False,False,,,
25,1583.0897471519868,0.003375308968620941,0.003375308968620941,True,False,False,,,
25,3802.695193109197,0.003146132398497493,0.003146132398497493,True,False,False,,,
25,748.6735204223396,0.002768139750563059,0.002768139750563059,True,False,False,,,
25,2052.2667407613226,0.00276736422548742,0.00276736422548742,True,False,False,,,
25,1679.2564601278134,0.002724881200742983,0.002724881200742983,True,False,False,,,
25,2208.6590719644346,0.0026809806592105884,0.0026809806592105884,True,False,False,,,
25,3872.6346207279803,0.002589228700579014,0.002589228700579014,True,False,False,,,
25,1348.9869408168936,0.0025684597610252102,0.0025684597610252102,True,False,False,,,
25,1959.985551542095,0.002557191579718208,0.002557191579718208,True,False,False,,,
25,809.8705195887746,0.0025545938644107175,0.0025545938644107175,True,False,False,,,
25,3881.377049180328,0.0025513469784963945,0.0025513469784963945,True,False,False,,,
25,2151.3475965545986,0.0025415876906465257,0.0025415876906465257,True,False,False,,,
25,3546.2506251736595,0.0024851418709585134,0.0024851418709585134,True,False,False,,,
25,3640.4745762711864,0.002428407151698288,0.002428407151698288,True,False,False,,,
25,1911.4165045846069,0.0024054497937717537,0.0024054497937717537,True,False,False,,,
25,575.7677132536816,0.002391474498659979,0.002391474498659979,True,False,False,,,
25,567.0252848013337,0.002389151847773857,0.002389151847773857,True,False,False,,,
25,1705.4837454848569,0.0023570155881456056,0.0023570155881456056,True,False,False,,,
25,3694.8719088635735,0.002351909424415377,0.002351909424415377,True,False,False,,,
25,3948.4023339816617,0.0023226856362002155,0.0023226856362002155,True,False,False,,,
25,3785.2103362045013,0.0023038782676891127,0.0023038782676891127,True,False,False,,,
25,2516.5868296749095,0.0023016200477914243,0.0023016200477914243,True,False,False,,,
25,1889.0747429841624,0.0022894645779801756,0.0022894645779801756,True,False,False,,,
25,721.4748541261462,0.0022427504722778713,0.0022427504722778713,True,False,False,,,
25,3975.6010002778553,0.0022396788812706087,0.0022396788812706087,True,False,False,,,
25,1688.970269519311,0.0021789495592856103,0.0021789495592856103,True,False,False,,,
25,2431.1053070297303,0.002123900444377165,0.002123900444377165,True,False,False,,,
25,2217.4015004167823,0.0020178160509014206,0.0020178160509014206,True,False,False,,,
25,,,,,,,100.0,99.0,True
26,1136.2545151430954,1.0,0.7277847865808512,True,True,False,,,
26,1729.768268963601,0.8513007819837557,0.8513007819837557,True,False,False,,,
26,1527.7210336204503,0.5124884806913056,0.5124884806913056,True,False,False,,,
26,1071.1719922200612,0.42956707759340673,0.42956707759340673,True,False,False,,,
26,713.703806612948,0.34785999745391616,0.3394180166892228,True,False,False,,,
26,509.71380939149765,0.2643327074539955,0.11363742734734938,True,False,True,,,
26,1413.098082800778,0.22578898954151652,0.22578898954151652,True,False,False,,,
26,1219.793275909975,0.19337462352167423,0.19337462352167423,True,False,False,,,
26,1595.7176993609337,0.1886142358298264,0.1886142358298264,True,False,False,,,
26,769.0725201444845,0.16772505147384958,0.16772505147384958,True,False,False,,,
26,2918.738538482912,0.15566446505335754,0.14184179072858355,True,False,False,,,
26,815.6988052236733,0.149702734639307,0.149702734639307,True,False,False,,,
26,1309.1603223117531,0.1078182064373242,0.1078182064373242,True,False,False,,,
26,3327.689913864963,0.09121030640281388,0.09121030640281388,True,False,False,,,
26,1451.9533203667686,0.08285652549729597,0.08285652549729597,True,False,False,,,
26,1379.0997499305363,0.07291804280538439,0.07291804280538439,True,False,False,,,
26,648.6212836899139,0.04130873204168062,0.04130873204168062,True,False,False,,,
26,608.7946651847735,0.03513321890669174,0.03513321890669174,True,False,False,,,
26,1160.5390386218394,0.03470034603722305,0.03470034603722305,True,False,False,,,
26,1700.6268407891082,0.03392434696096669,0.03392434696096669,True,False,False,,,
26,848.7257571547652,0.03176204483211492,0.03176204483211492,True,False,False,,,
26,1272.2478466240623,0.02802934622147507,0.02802934622147507,True,False,False,,,
26,914.7796610169491,0.023249778965654555,0.023249778965654555,True,False,False,,,
26,959.4631842178383,0.021304460653855217,0.021304460653855217,True,False,False,,,
26,1251.848846901917,0.015184630340788319,0.015184630340788319,True,False,False,,,
26,2080.4367879966658,0.012910850157655036,0.012910850157655036,True,False,False,,,
26,1971.6421228118922,0.011312421517902418,0.011312421517902418,True,False,False,,,
26,2004.6690747429843,0.00929120584675258,0.00929120584675258,True,False,False,,,
26,2952.7368713531537,0.009224823285586409,0.009224823285586409,True,False,False,,,
26,2209.6304529035842,0.009088902317064669,0.009088902317064669,True,False,False,,,
26,686.5051403167547,0.009020930745152367,0.009020930745152367,True,False,False,,,
26,673.8771881078078,0.008121301441310902,0.008121301441310902,True,False,False,,,
26,3902.7474298416228,0.008107900685243662,0.00499779481766004,True,False,False,,,
26,578.6818560711308,0.008104433147350043,0.008104433147350043,True,False,False,,,
26,1018.7174215059739,0.008029501171598952,0.008029501171598952,True,False,False,,,
26,2873.083634342873,0.007785098232054671,0.007785098232054671,True,False,False,,,
26,1959.0141706029453,0.0075331636840691284,0.0075331636840691284,True,False,False,,,
26,2027.0108363434288,0.007280662582851656,0.007280662582851656,True,False,False,,,
26,2168.8324534592944,0.006965379451326224,0.006965379451326224,True,False,False,,,
26,1351.901083634343,0.006747388164496881,0.006747388164496881,True,False,False,,,
26,2151.3475965545986,0.0065357645669624,0.0065357645669624,True,False,False,,,
26,2321.3392609058074,0.0064770233724540036,0.0064770233724540036,True,False,False,,,
26,2017.2970269519312,0.00642984308846185,0.00642984308846185,True,False,False,,,
26,3839.607668796888,0.006186882714464412,0.006186882714464412,True,False,False,,,
26,541.7693803834399,0.006127776005162899,0.006127776005162899,True,False,False,,,
26,1910.4451236454572,0.005985500117016946,0.005985500117016946,True,False,False,,,
26,1948.328980272298,0.005822117646299592,0.005822117646299592,True,False,False,,,
26,3120.7857738260627,0.005592969411772189,0.005592969411772189,True,False,False,,,
26,2183.4031675465408,0.005574385697006728,0.005574385697006728,True,False,False,,,
26,2849.7704918032787,0.004575513934243103,0.004575513934243103,True,False,False,,,
26,3034.332870241734,0.004390778585928172,0.004390778585928172,True,False,False,,,
26,1980.3845512642401,0.0040033434801524,0.0040033434801524,True,False,False,,,
26,2053.238121700472,0.003993922114086074,0.003993922114086074,True,False,False,,,
26,3724.0133370380663,0.0038099039084057186,0.0038099039084057186,True,False,False,,,
26,3734.6985273687137,0.0035168309553532534,0.0035168309553532534,True,False,False,,,
26,2193.1169769380385,0.003408125467322831,0.003408125467322831,True,False,False,,,
26,3871.66323978883,0.0034017979712954935,0.0034017979712954935,True,False,False,,,
26,3783.267574326202,0.003295325613331481,0.003295325613331481,True,False,False,,,
26,2234.8863573214785,0.003276185459853087,0.003276185459853087,True,False,False,,,
26,3947.430953042512,0.0032000755233826082,0.002484819947311489,True,False,False,,,
26,3692.9291469852737,0.0030316336374366024,0.0030316336374366024,True,False,False,,,
26,3633.6749096971384,0.002813839906364468,0.002813839906364468,True,False,False,,,
26,2136.776882467352,0.0027913629602432117,0.0027913629602432117,True,False,False,,,
26,2349.5093081411505,0.0026943954342739766,0.0026943954342739766,True,False,False,,,
26,2094.0361211447625,0.0025880758273449933,0.0025880758273449933,True,False,False,,,
26,3446.198388441234,0.0025687603817781957,0.0025687603817781957,True,False,False,,,
26,1924.0444567935538,0.0025651425562635867,0.0025651425562635867,True,False,False,,,
26,3523.908863573215,0.0024453929011805445,0.0024453929011805445,True,False,False,,,
26,2038.667407613226,0.0024316571641352022,0.0024316571641352022,True,False,False,,,
26,3818.237288135593,0.0023566678286956987,0.0023566678286956987,True,False,False,,,
26,2514.64406779661,0.0023037874530829304,0.0023037874530829304,True,False,False,,,
26,555.3687135315365,0.002199974383573944,0.002199974383573944,True,False,False,,,
26,3679.329813837177,0.00213342827200879,0.00213342827200879,True,False,False,,,
26,1848.2767435398723,0.002104076817884777,0.002104076817884777,True,False,False,,,
26,,,,,,,74.0,74.0,True
27,1070.2006112809113,1.0,0.7257759288554364,True,True,False,,,
27,1725.882745207002,0.8871033100213263,0.8871033100213263,True,False,False,,,
27,1528.6924145596,0.5415715746151191,0.5415715746151191,True,False,False,,,
27,1219.793275909975,0.45006620052855195,0.45006620052855195,True,False,False,,,
27,712.7324256737983,0.42766577369018155,0.4036189849309469,True,False,False,,,
27,509.71380939149765,0.2599455487600852,0.12431928148108307,True,False,True,,,
27,1414.0694637399279,0.2396808026794393,0.2396808026794393,True,False,False,,,
27,1165.3959433175883,0.217442493764597,0.217442493764597,True,False,False,,,
27,1595.7176993609337,0.1964783877087028,0.1964783877087028,True,False,False,,,
27,2918.738538482912,0.18697339281064668,0.16775195853031474,True,False,False,,,
27,770.0439010836344,0.1819313593501326,0.1819313593501326,True,False,False,,,
27,815.6988052236733,0.1611834207004097,0.1611834207004097,True,False,False,,,
27,1309.1603223117531,0.1339981913826655,0.1339981913826655,True,False,False,,,
27,3327.689913864963,0.09876054028330522,0.09876054028330522,True,False,False,,,
27,1450.9819394276187,0.09357195169868526,0.09357195169868526,True,False,False,,,
27,1137.225896082245,0.08476172464341347,0.08476172464341347,True,False,False,,,
27,1700.6268407891082,0.047368290598279295,0.047368290598279295,True,False,False,,,
27,609.7660461239233,0.04258591887788826,0.04258591887788826,True,False,False,,,
27,674.8485690469574,0.03952242946789419,0.03952242946789419,True,False,False,,,
27,847.7543762156155,0.03496742435192174,0.03496742435192174,True,False,False,,,
27,1251.848846901917,0.02777467565953473,0.02777467565953473,True,False,False,,,
27,1386.8707974437343,0.023042484433766275,0.023042484433766275,True,False,False,,,
27,2082.379549874965,0.020884621029911562,0.020884621029911562,True,False,False,,,
27,582.56737982773,0.015300622781628304,0.015300622781628304,True,False,False,,,
27,1272.2478466240623,0.015000210658899782,0.015000210658899782,True,False,False,,,
27,1355.786607390942,0.013058216168581271,0.013058216168581271,True,False,False,,,
27,2953.7082522923033,0.011192688148790209,0.011192688148790209,True,False,False,,,
27,2872.1122534037236,0.009513978620513883,0.009513978620513883,True,False,False,,,
27,687.4765212559045,0.008800553029809366,0.008800553029809366,True,False,False,,,
27,542.7407613225896,0.008520813067115995,0.008520813067115995,True,False,False,,,
27,2000.783550986385,0.008077688966304786,0.008077688966304786,True,False,False,,,
27,1018.7174215059739,0.0076458755164374725,0.0076458755164374725,True,False,False,,,
27,915.751041956099,0.007478313279985993,0.007478313279985993,True,False,False,,,
27,2024.0966935259796,0.0069195535694417205,0.0069195535694417205,True,False,False,,,
27,2168.8324534592944,0.006862972883330924,0.006862972883330924,True,False,False,,,
27,1899.7599333148098,0.006413904084606322,0.006413904084606322,True,False,False,,,
27,649.5926646290636,0.0063413971357244026,0.0063413971357244026,True,False,False,,,
27,2322.310641844957,0.006010960945687642,0.006010960945687642,True,False,False,,,
27,3121.757154765213,0.005865526276266686,0.005865526276266686,True,False,False,,,
27,3042.103917754932,0.0058273938849457,0.0058273938849457,True,False,False,,,
27,1959.985551542095,0.0058075390792237756,0.0058075390792237756,True,False,False,,,
27,1950.2717421505974,0.005133377322278542,0.005133377322278542,True,False,False,,,
27,2850.7418727424288,0.00512864550612295,0.00512864550612295,True,False,False,,,
27,1989.126979716588,0.004747130706545294,0.004747130706545294,True,False,False,,,
27,2208.6590719644346,0.004496936507022549,0.004496936507022549,True,False,False,,,
27,2245.5715476521254,0.004172802911699112,0.004172802911699112,True,False,False,,,
27,3974.629619338705,0.004093372325152937,,False,False,False,,,
27,2035.7532647957767,0.004017149447496959,0.004017149447496959,True,False,False,,,
27,752.5590441789386,0.0039867697167433325,0.0039867697167433325,True,False,False,,,
27,2183.4031675465408,0.0038580283129330904,0.0038580283129330904,True,False,False,,,
27,1026.488469019172,0.003730715225054637,0.003730715225054637,True,False,False,,,
27,2113.463739927758,0.0034542121484006823,0.0034542121484006823,True,False,False,,,
27,2192.145595998889,0.003346593038475284,0.003346593038475284,True,False,False,,,
27,982.7763267574326,0.0031982065941246196,0.0031982065941246196,True,False,False,,,
27,1978.4417893859406,0.0031267646985274795,0.0031267646985274795,True,False,False,,,
27,2152.318977493748,0.003023315983649912,0.003023315983649912,True,False,False,,,
27,3723.0419560989167,0.0028983813510630903,0.0028983813510630903,True,False,False,,,
27,3816.294526257294,0.002861967542827002,0.002861967542827002,True,False,False,,,
27,3695.843289802723,0.0027759289497066783,0.0027759289497066783,True,False,False,,,
27,1925.9872186718533,0.0026519574250113646,0.0026519574250113646,True,False,False,,,
27,3848.350097249236,0.0026446077097598726,0.0026446077097598726,True,False,False,,,
27,2095.007502083912,0.0025861616862700686,0.0025861616862700686,True,False,False,,,
27,666.1061405946097,0.0022566559716942214,0.0022566559716942214,True,False,False,,,
27,2052.2667407613226,0.0022467495658920374,0.0022467495658920374,True,False,False,,,
27,3439.3987218671855,0.002109374747525372,0.002109374747525372,True,False,False,,,
27,2122.2061683801057,0.002084378235685226,0.002084378235685226,True,False,False,,,
27,2061.0091692136702,0.0020369845873987446,0.0020369845873987446,True,False,False,,,
27,961.4059460961378,0.0020343849137661185,0.0020343849137661185,True,False,False,,,
27,,,,,,,68.0,67.0,True
28,1723.9399833287025,1.0,0.9383671205828924,True,True,False,,,
28,1167.3387051958878,0.8687297799834977,0.7092652275398105,True,False,False,,,
28,711.7610447346485,0.5856175382639122,0.5714072955424427,True,False,False,,,
28,1528.6924145596,0.414501379891149,0.414501379891149,True,False,False,,,
28,1069.2292303417616,0.3344136634329504,0.3344136634329504,True,False,False,,,
28,508.7424284523479,0.19383014715461716,0.127530920799924,True,False,True,,,
28,1219.793275909975,0.18317225784420366,0.18317225784420366,True,False,False,,,
28,2953.7082522923033,0.17887947731673215,0.1591836570623545,True,False,False,,,
28,1414.0694637399279,0.17287358330737637,0.17287358330737637,True,False,False,,,
28,1596.6890803000833,0.15001776467189698,0.15001776467189698,True,False,False,,,
28,770.0439010836344,0.13385311603509834,0.13385311603509834,True,False,False,,,
28,1450.9819394276187,0.10413231240402895,0.10413231240402895,True,False,False,,,
28,1311.1030841900529,0.10207156069310042,0.10207156069310042,True,False,False,,,
28,816.670186162823,0.0964509179165772,0.0964509179165772,True,False,False,,,
28,1138.1972770213947,0.07658818117874278,0.07658818117874278,True,False,False,,,
28,3329.632675743262,0.07079603213825886,0.07079603213825886,True,False,False,,,
28,1252.820227841067,0.05049149692902577,0.05049149692902577,True,False,False,,,
28,1358.7007502083911,0.0438275215977153,0.0438275215977153,True,False,False,,,
28,847.7543762156155,0.03470278454567827,0.03470278454567827,True,False,False,,,
28,1271.2764656849126,0.03194497466400903,0.03194497466400903,True,False,False,,,
28,674.8485690469574,0.0308901622756117,0.0308901622756117,True,False,False,,,
28,610.737427063073,0.02946603557118438,0.02946603557118438,True,False,False,,,
28,1391.7277021394832,0.027992303620199693,0.027992303620199693,True,False,False,,,
28,687.4765212559045,0.02711150908263721,0.02711150908263721,True,False,False,,,
28,2080.4367879966658,0.01747924384565009,0.01747924384565009,True,False,False,,,
28,2168.8324534592944,0.015439261171978049,0.015439261171978049,True,False,False,,,
28,941.9783273131426,0.015250851293683365,0.015250851293683365,True,False,False,,,
28,2918.738538482912,0.014297685665118909,0.014297685665118909,True,False,False,,,
28,1026.488469019172,0.00986249885653201,0.00986249885653201,True,False,False,,,
28,1980.3845512642401,0.009405969338638583,0.009405969338638583,True,False,False,,,
28,2873.083634342873,0.009264545449875955,0.009264545449875955,True,False,False,,,
28,580.6246179494304,0.008274951701046918,0.008274951701046918,True,False,False,,,
28,1913.3592664629064,0.007362329899095855,0.007362329899095855,True,False,False,,,
28,2034.781883856627,0.006096042679292608,0.006096042679292608,True,False,False,,,
28,2001.754931925535,0.00572056431751571,0.00572056431751571,True,False,False,,,
28,1965.8138371769937,0.005510638954180198,0.005510638954180198,True,False,False,,,
28,2850.7418727424288,0.004832593982039793,0.004832593982039793,True,False,False,,,
28,2323.2820227841066,0.0047721882037668854,0.0047721882037668854,True,False,False,,,
28,3035.3042511808835,0.004636106977819798,0.004636106977819798,True,False,False,,,
28,2182.4317866073907,0.0046297744832096335,0.0046297744832096335,True,False,False,,,
28,1946.3862183939984,0.00457444983657556,0.00457444983657556,True,False,False,,,
28,2053.238121700472,0.003869842209714559,0.003869842209714559,True,False,False,,,
28,3996.0,0.0038225893881761695,,False,False,True,,,
28,2107.6354542928593,0.0037635677656472737,0.0037635677656472737,True,False,False,,,
28,2151.3475965545986,0.003722418635096277,0.003722418635096277,True,False,False,,,
28,2200.8880244512366,0.0035389826730551233,0.0035389826730551233,True,False,False,,,
28,1959.0141706029453,0.0032655728270221274,0.0032655728270221274,True,False,False,,,
28,749.6449013614892,0.003252532857204893,0.003252532857204893,True,False,False,,,
28,3124.671297582662,0.0031158243801083507,0.0031158243801083507,True,False,False,,,
28,2024.0966935259796,0.0030787170552191473,0.0030787170552191473,True,False,False,,,
28,2220.315643234232,0.0028373235767853652,0.0028373235767853652,True,False,False,,,
28,3444.255626562934,0.0026509104994203794,0.0026509104994203794,True,False,False,,,
28,651.5354265073631,0.0026366024012011713,0.0026366024012011713,True,False,False,,,
28,2230.0294526257294,0.0025917292693990665,0.0025917292693990665,True,False,False,,,
28,3535.565434843012,0.00253102270693566,0.00253102270693566,True,False,False,,,
28,592.2811892192276,0.0023629614929784326,0.0023629614929784326,True,False,False,,,
28,3849.3214781883858,0.002136501494152676,0.002136501494152676,True,False,False,,,
28,2266.9419283134202,0.0021289363431186495,0.0021289363431186495,True,False,False,,,
28,3706.5284801333705,0.00210246853939405,0.00210246853939405,True,False,False,,,
28,2339.795498749653,0.0020330280021859555,0.0020330280021859555,True,False,False,,,
28,,,,,,,60.0,59.0,True
29,1166.367324256738,1.0,0.7411678531329833,True,True,False,,,
29,1727.8255070853015,0.9193831916696447,0.9193831916696447,True,False,False,,,
29,1527.7210336204503,0.44605421577870097,0.44605421577870097,True,False,False,,,
29,1073.1147540983607,0.42756200151648105,0.42756200151648105,True,False,False,,,
29,508.7424284523479,0.29613608556851956,0.13086787488798657,True,False,True,,,
29,1413.098082800778,0.20615864992000282,0.20615864992000282,True,False,False,,,
29,2955.651014170603,0.1744679616081869,0.1722209236328064,True,False,False,,,
29,769.0725201444845,0.17171624616331332,0.17171624616331332,True,False,False,,,
29,1595.7176993609337,0.1617271710136739,0.1617271710136739,True,False,False,,,
29,1218.8218949708253,0.15669383236771506,0.15669383236771506,True,False,False,,,
29,815.6988052236733,0.13378634765688519,0.13378634765688519,True,False,False,,,
29,1308.1889413726035,0.10059519987900023,0.10059519987900023,True,False,False,,,
29,650.5640455682134,0.09148793500716862,0.09148793500716862,True,False,False,,,
29,3326.7185329258127,0.07662968656848052,0.07662968656848052,True,False,False,,,
29,1138.1972770213947,0.06304061168800557,0.06304061168800557,True,False,False,,,
29,1460.6957488191165,0.05439375932804605,0.05439375932804605,True,False,False,,,
29,1700.6268407891082,0.052510966938929204,0.052510966938929204,True,False,False,,,
29,1017.7460405668241,0.04604573733221062,0.04604573733221062,True,False,False,,,
29,959.4631842178383,0.03836171753454137,0.03836171753454137,True,False,False,,,
29,1368.414559599889,0.03723977278601334,0.03723977278601334,True,False,False,,,
29,610.737427063073,0.0346124725300378,0.0346124725300378,True,False,False,,,
29,847.7543762156155,0.02580990944778655,0.02580990944778655,True,False,False,,,
29,1251.848846901917,0.01900569251279116,0.01900569251279116,True,False,False,,,
29,2872.1122534037236,0.015984656876252973,0.015984656876252973,True,False,False,,,
29,2079.465407057516,0.014071260910985631,0.014071260910985631,True,False,False,,,
29,1966.7852181161434,0.010110644457682337,0.010110644457682337,True,False,False,,,
29,749.6449013614892,0.009789651571584235,0.009789651571584235,True,False,False,,,
29,2918.738538482912,0.00894033265379024,0.00894033265379024,True,False,False,,,
29,1392.699083078633,0.008696209250840636,0.008696209250840636,True,False,False,,,
29,2166.8896915809946,0.008552618569892298,0.008552618569892298,True,False,False,,,
29,1987.1842178382885,0.00794200129697167,0.00794200129697167,True,False,False,,,
29,542.7407613225896,0.007175676318314672,0.007175676318314672,True,False,False,,,
29,581.5959988885802,0.007060841770555493,0.007060841770555493,True,False,False,,,
29,2152.318977493748,0.0062608553988799465,0.0062608553988799465,True,False,False,,,
29,640.8502361767157,0.006197938906566336,0.006197938906566336,True,False,False,,,
29,2349.5093081411505,0.005463970183719085,0.005463970183719085,True,False,False,,,
29,914.7796610169491,0.005216252195207938,0.005216252195207938,True,False,False,,,
29,3117.871631008614,0.005195889097938715,0.005195889097938715,True,False,False,,,
29,2009.525979438733,0.0047721405318631544,0.0047721405318631544,True,False,False,,,
29,2046.438455126424,0.004713500751366581,0.004713500751366581,True,False,False,,,
29,1925.0158377327036,0.004637962358629127,0.004637962358629127,True,False,False,,,
29,2191.174215059739,0.004548481016585034,0.004548481016585034,True,False,False,,,
29,701.0758544040011,0.0043765442024524814,0.0043765442024524814,True,False,False,,,
29,2850.7418727424288,0.004248456135202944,0.004248456135202944,True,False,False,,,
29,2246.5429285912755,0.0041647760122465825,0.0041647760122465825,True,False,False,,,
29,3734.6985273687137,0.0040437050426174745,0.0040437050426174745,True,False,False,,,
29,2000.783550986385,0.004037433981226676,0.004037433981226676,True,False,False,,,
29,2027.0108363434288,0.003793593588859694,0.003793593588859694,True,False,False,,,
29,2200.8880244512366,0.003682325034904189,0.003682325034904189,True,False,False,,,
29,3901.776048902473,0.0036387730006132188,0.002568370171778018,True,False,False,,,
29,3043.075298694082,0.0035866744085680836,0.0035866744085680836,True,False,False,,,
29,1951.2431230897473,0.0034286272930581663,0.0034286272930581663,True,False,False,,,
29,2112.492358988608,0.003334482916472958,0.003334482916472958,True,False,False,,,
29,1895.8744095582106,0.003244458137007673,0.003244458137007673,True,False,False,,,
29,3445.2270075020842,0.0030108411585936766,0.0030108411585936766,True,False,False,,,
29,3616.1900527924427,0.002924514979595994,0.002924514979595994,True,False,False,,,
29,2231.9722145040287,0.0028116429593687594,0.0028116429593687594,True,False,False,,,
29,3818.237288135593,0.0027840046094369125,0.0027840046094369125,True,False,False,,,
29,3881.377049180328,0.0024519308382663406,0.0024519308382663406,True,False,False,,,
29,3724.0133370380663,0.002417256339227482,0.002417256339227482,True,False,False,,,
29,2317.453737149208,0.002380535854410608,0.002380535854410608,True,False,False,,,
29,1848.2767435398723,0.002330938670867348,0.002330938670867348,True,False,False,,,
29,3694.8719088635735,0.0022900317680364718,0.0022900317680364718,True,False,False,,,
29,2123.1775493192554,0.0022073822404928105,0.0022073822404928105,True,False,False,,,
29,3634.646290636288,0.0020735926069625835,0.0020735926069625835,True,False,False,,,
29,3931.8888580161156,0.0020561949237791147,0.0020561949237791147,True,False,False,,,
29,1941.5293136982496,0.0020229051308782303,0.0020229051308782303,True,False,False,,,
29,3679.329813837177,0.0020033731163977384,0.0020033731163977384,True,False,False,,,
29,,,,,,,68.0,68.0,True
30,1726.8541261461517,1.0,0.9283056376211389,True,True,False,,,
30,1164.4245623784386,0.9241750338984693,0.7591182855629495,True,False,False,,,
30,1527.7210336204503,0.4598900599624859,0.4598900599624859,True,False,False,,,
30,1074.0861350375103,0.4461096526373256,0.4461096526373256,True,False,False,,,
30,509.71380939149765,0.2551560985974929,0.14586029055349048,True,False,True,,,
30,1413.098082800778,0.22184926178644698,0.22184926178644698,True,False,False,,,
30,769.0725201444845,0.2105985329800013,0.2105985329800013,True,False,False,,,
30,2917.767157543762,0.19073211582357472,0.1669827906502924,True,False,False,,,
30,1595.7176993609337,0.16430977316345266,0.16430977316345266,True,False,False,,,
30,1218.8218949708253,0.1639977801968976,0.1639977801968976,True,False,False,,,
30,815.6988052236733,0.1401406527803817,0.1401406527803817,True,False,False,,,
30,1308.1889413726035,0.11263837538971477,0.11263837538971477,True,False,False,,,
30,3330.6040566824117,0.08148403956294056,0.08148403956294056,True,False,False,,,
30,1138.1972770213947,0.07550237370742197,0.07550237370742197,True,False,False,,,
30,610.737427063073,0.07492557288559293,0.07492557288559293,True,False,False,,,
30,1459.7243678799668,0.056173227895976285,0.056173227895976285,True,False,False,,,
30,1700.6268407891082,0.050507478397507466,0.050507478397507466,True,False,False,,,
30,959.4631842178383,0.03706535847088527,0.03706535847088527,True,False,False,,,
30,641.8216171158656,0.036404129180409195,0.036404129180409195,True,False,False,,,
30,1017.7460405668241,0.034173239149701495,0.034173239149701495,True,False,False,,,
30,847.7543762156155,0.026667286220791342,0.026667286220791342,True,False,False,,,
30,1251.848846901917,0.023576501640010017,0.023576501640010017,True,False,False,,,
30,1369.3859405390385,0.021811744554064344,0.021811744554064344,True,False,False,,,
30,2079.465407057516,0.019329336254903146,0.019329336254903146,True,False,False,,,
30,580.6246179494304,0.014140829068051641,0.014140829068051641,True,False,False,,,
30,710.7896637954988,0.013950709083768387,0.013950709083768387,True,False,False,,,
30,2849.7704918032787,0.013277574887791105,0.013277574887791105,True,False,False,,,
30,2953.7082522923033,0.012241883274252602,0.012241883274252602,True,False,False,,,
30,2017.2970269519312,0.011033167130462984,0.011033167130462984,True,False,False,,,
30,2872.1122534037236,0.010913535231285479,0.010913535231285479,True,False,False,,,
30,2028.9535982217283,0.009732129064882054,0.009732129064882054,True,False,False,,,
30,914.7796610169491,0.009385414975391748,0.009385414975391748,True,False,False,,,
30,2002.7263128646848,0.00819461402728536,0.00819461402728536,True,False,False,,,
30,751.5876632397889,0.0074168041965469444,0.0074168041965469444,True,False,False,,,
30,2168.8324534592944,0.007014781277792353,0.007014781277792353,True,False,False,,,
30,2151.3475965545986,0.006267234485787438,0.006267234485787438,True,False,False,,,
30,1913.3592664629064,0.0058648918561567415,0.0058648918561567415,True,False,False,,,
30,3126.6140594609615,0.005056089172954491,0.005056089172954491,True,False,False,,,
30,2349.5093081411505,0.004678030559684805,0.004678030559684805,True,False,False,,,
30,2106.6640733537097,0.004379115168902301,0.004379115168902301,True,False,False,,,
30,3043.075298694082,0.004192575045462832,0.004192575045462832,True,False,False,,,
30,3879.4342873020287,0.004150725444175881,0.00221272463402742,True,False,False,,,
30,1958.0427896637955,0.0040670008019007015,0.0040670008019007015,True,False,False,,,
30,1395.6132258960824,0.0037114038935109617,0.0037114038935109617,True,False,False,,,
30,1986.2128368991387,0.0032277741068296078,0.0032277741068296078,True,False,False,,,
30,3444.255626562934,0.0031905940999573112,0.0031905940999573112,True,False,False,,,
30,1925.0158377327036,0.00311337665873734,0.00311337665873734,True,False,False,,,
30,1949.3003612114476,0.0029768164124828033,0.0029768164124828033,True,False,False,,,
30,2321.3392609058074,0.0026141125099614464,0.0026141125099614464,True,False,False,,,
30,3848.350097249236,0.002521770096085143,0.002521770096085143,True,False,False,,,
30,2202.830786329536,0.0025217429637644853,0.0025217429637644853,True,False,False,,,
30,1966.7852181161434,0.002424287452450627,0.002424287452450627,True,False,False,,,
30,2247.514309530425,0.0023865623586633473,0.0023865623586633473,True,False,False,,,
30,3732.755765490414,0.0022682003292926467,0.0022682003292926467,True,False,False,,,
30,3817.2659071964435,0.0022262266042272286,0.0022262266042272286,True,False,False,,,
30,2094.0361211447625,0.002195706369810764,0.002195706369810764,True,False,False,,,
30,2375.736593498194,0.002150390377239051,0.002150390377239051,True,False,False,,,
30,,,,,,,57.0,57.0,True
31,1136.2545151430954,1.0,0.8056457767560186,True,True,False,,,
31,1727.8255070853015,0.8982825378353554,0.8982825378353554,True,False,False,,,
31,1527.7210336204503,0.5313375018608807,0.5313375018608807,True,False,False,,,
31,1076.02889691581,0.498996986978808,0.498996986978808,True,False,False,,,
31,508.7424284523479,0.2692141703540213,0.1253120269980894,True,False,True,,,
31,770.0439010836344,0.2271579156536143,0.2271579156536143,True,False,False,,,
31,1414.0694637399279,0.2255575928004518,0.2255575928004518,True,False,False,,,
31,2919.709919422062,0.18199365433535264,0.16482983153920927,True,False,False,,,
31,1219.793275909975,0.1788715270983956,0.1788715270983956,True,False,False,,,
31,1595.7176993609337,0.1781258644943897,0.1781258644943897,True,False,False,,,
31,816.670186162823,0.14918691031113104,0.14918691031113104,True,False,False,,,
31,1309.1603223117531,0.11425901174471154,0.11425901174471154,True,False,False,,,
31,3321.861628230064,0.09990924057669007,0.09990924057669007,True,False,False,,,
31,1700.6268407891082,0.08689903287345724,0.08689903287345724,True,False,False,,,
31,610.737427063073,0.07943567172497579,0.07943567172497579,True,False,False,,,
31,1163.4531814392888,0.0664254551868324,0.0664254551868324,True,False,False,,,
31,1455.8388441233676,0.05985510368780228,0.05985510368780228,True,False,False,,,
31,1380.071130869686,0.04283232675991061,0.04283232675991061,True,False,False,,,
31,651.5354265073631,0.03663268213681031,0.03663268213681031,True,False,False,,,
31,955.5776604612392,0.03183831984205593,0.03183831984205593,True,False,False,,,
31,1017.7460405668241,0.03125033595462351,0.03125033595462351,True,False,False,,,
31,848.7257571547652,0.03119580319490084,0.03119580319490084,True,False,False,,,
31,1640.4012225618228,0.019536010892992756,0.019536010892992756,True,False,False,,,
31,914.7796610169491,0.01936344319717359,0.01936344319717359,True,False,False,,,
31,2077.522645179217,0.01298052865077242,0.01298052865077242,True,False,False,,,
31,2004.6690747429843,0.01184529935562874,0.01184529935562874,True,False,False,,,
31,2872.1122534037236,0.01131771569414669,0.01131771569414669,True,False,False,,,
31,3902.7474298416228,0.008128391470436501,0.0033085057469723067,True,False,False,,,
31,2850.7418727424288,0.007799461520602208,0.007799461520602208,True,False,False,,,
31,1250.8774659627675,0.007670183801716468,0.007670183801716468,True,False,False,,,
31,2954.6796332314534,0.006805052474589707,0.006805052474589707,True,False,False,,,
31,2184.374548485691,0.0066850981064433355,0.0066850981064433355,True,False,False,,,
31,2026.0394554042791,0.006487427622707853,0.006487427622707853,True,False,False,,,
31,580.6246179494304,0.00631894984346143,0.00631894984346143,True,False,False,,,
31,2321.3392609058074,0.006201065288953617,0.006201065288953617,True,False,False,,,
31,708.8469019171993,0.006013994719014426,0.006013994719014426,True,False,False,,,
31,2209.6304529035842,0.005754982671338862,0.005754982671338862,True,False,False,,,
31,3120.7857738260627,0.005506596824926983,0.005506596824926983,True,False,False,,,
31,1942.5006946373994,0.005304670936131371,0.005304670936131371,True,False,False,,,
31,1990.0983606557377,0.005103011590058527,0.005103011590058527,True,False,False,,,
31,2166.8896915809946,0.005032094309020659,0.005032094309020659,True,False,False,,,
31,2017.2970269519312,0.004426036405818059,0.004426036405818059,True,False,False,,,
31,2142.605168102251,0.004397574477986853,0.004397574477986853,True,False,False,,,
31,3734.6985273687137,0.004390196576643229,0.004390196576643229,True,False,False,,,
31,2199.916643512087,0.0039776459610776395,0.0039776459610776395,True,False,False,,,
31,1980.3845512642401,0.0038451515944063572,0.0038451515944063572,True,False,False,,,
31,1899.7599333148098,0.0038405083571854924,0.0038405083571854924,True,False,False,,,
31,3041.1325368157823,0.0037026117322234847,0.0037026117322234847,True,False,False,,,
31,1964.8424562378439,0.003474885636929114,0.003474885636929114,True,False,False,,,
31,3826.0083356487917,0.0034253872171750646,0.0034253872171750646,True,False,False,,,
31,2151.3475965545986,0.003159284927062448,0.003159284927062448,True,False,False,,,
31,3862.9208113364825,0.003057298634076687,0.003057298634076687,True,False,False,,,
31,3948.4023339816617,0.002942339392128044,0.002238618449122272,True,False,False,,,
31,3724.0133370380663,0.0029200361360316174,0.0029200361360316174,True,False,False,,,
31,3445.2270075020842,0.0028163354992576037,0.0028163354992576037,True,False,False,,,
31,591.3098082800778,0.002770923114078061,0.002770923114078061,True,False,False,,,
31,2052.2667407613226,0.002690990922691339,0.002690990922691339,True,False,False,,,
31,2235.857738260628,0.00262229358034141,0.00262229358034141,True,False,False,,,
31,3679.329813837177,0.0025775581090901646,0.0025775581090901646,True,False,False,,,
31,2349.5093081411505,0.002550143017898538,0.002550143017898538,True,False,False,,,
31,3615.2186718532926,0.002541945425967338,0.002541945425967338,True,False,False,,,
31,3633.6749096971384,0.0024857421512347808,0.0024857421512347808,True,False,False,,,
31,1353.8438455126425,0.002367107453151468,0.002367107453151468,True,False,False,,,
31,3783.267574326202,0.0022616376198942197,0.0022616376198942197,True,False,False,,,
31,2247.514309530425,0.002233450960984878,0.002233450960984878,True,False,False,,,
31,753.5304251180884,0.002149790969630083,0.002149790969630083,True,False,False,,,
31,2106.6640733537097,0.002138728172159156,0.002138728172159156,True,False,False,,,
31,1924.0444567935538,0.00207546782219694,0.00207546782219694,True,False,False,,,
31,,,,,,,68.0,68.0,True
32,1221.7360377882746,1.0,0.8103690558431547,True,True,False,,,
32,1729.768268963601,0.8994573842923583,0.8994573842923583,True,False,False,,,
32,2919.709919422062,0.7675195608353099,0.7467347347984122,True,False,False,,,
32,1529.6637954987498,0.5238776557458946,0.5238776557458946,True,False,False,,,
32,698.1617115865519,0.5158148271836034,0.4515951381190385,True,False,False,,,
32,1076.02889691581,0.4384135461667785,0.4384135461667785,True,False,False,,,
32,2850.7418727424288,0.2562811320834999,0.2562811320834999,True,False,False,,,
32,1414.0694637399279,0.22756577296015443,0.22756577296015443,True,False,False,,,
32,509.71380939149765,0.22720008026685862,0.1606935282603993,True,False,True,,,
32,1454.8674631842177,0.19333828870034983,0.19333828870034983,True,False,False,,,
32,1596.6890803000833,0.18816370008488137,0.18816370008488137,True,False,False,,,
32,1309.1603223117531,0.16780340923264875,0.16780340923264875,True,False,False,,,
32,1170.252848013337,0.16078671449126836,0.16078671449126836,True,False,False,,,
32,769.0725201444845,0.1565510581193269,0.1565510581193269,True,False,False,,,
32,816.670186162823,0.12928814047175752,0.12928814047175752,True,False,False,,,
32,3333.518199499861,0.08864074194592525,0.08864074194592525,True,False,False,,,
32,1702.5696026674077,0.06881276467930009,0.06881276467930009,True,False,False,,,
32,1360.6435120866909,0.05827175671865864,0.05827175671865864,True,False,False,,,
32,1018.7174215059739,0.04800056083179871,0.04800056083179871,True,False,False,,,
32,1141.111419838844,0.034990154527618,0.034990154527618,True,False,False,,,
32,964.3200889135871,0.033941741905239464,0.033941741905239464,True,False,False,,,
32,609.7660461239233,0.03196863080741674,0.03196863080741674,True,False,False,,,
32,847.7543762156155,0.029913118144767076,0.029913118144767076,True,False,False,,,
32,2080.4367879966658,0.023653150187952283,0.023653150187952283,True,False,False,,,
32,540.7979994442901,0.02263308522285018,0.02263308522285018,True,False,False,,,
32,1251.848846901917,0.022439866367255035,0.022439866367255035,True,False,False,,,
32,665.1347596554599,0.02132062673733648,0.02132062673733648,True,False,False,,,
32,719.5320922478467,0.02012683437504509,0.02012683437504509,True,False,False,,,
32,1979.4131703250903,0.01820608381856665,0.01820608381856665,True,False,False,,,
32,1392.699083078633,0.01768841988499653,0.01768841988499653,True,False,False,,,
32,1492.7513198110587,0.016910168757417632,0.016910168757417632,True,False,False,,,
32,749.6449013614892,0.015449354245637537,0.015449354245637537,True,False,False,,,
32,3025.590441789386,0.014840093360732845,0.014840093360732845,True,False,False,,,
32,1965.8138371769937,0.014664080668469125,0.014664080668469125,True,False,False,,,
32,2954.6796332314534,0.013534361021775188,0.013534361021775188,True,False,False,,,
32,559.2542372881356,0.0124994564540577,0.0124994564540577,True,False,False,,,
32,2162.032786885246,0.011809043910040985,0.011809043910040985,True,False,False,,,
32,2024.0966935259796,0.011517020083811894,0.011517020083811894,True,False,False,,,
32,2053.238121700472,0.011323447557999904,0.011323447557999904,True,False,False,,,
32,576.7390941928313,0.01071842144557733,0.01071842144557733,True,False,False,,,
32,1995.9266462906364,0.010699399755093222,0.010699399755093222,True,False,False,,,
32,1949.3003612114476,0.00810462259844313,0.00810462259844313,True,False,False,,,
32,2151.3475965545986,0.007903931319324375,0.007903931319324375,True,False,False,,,
32,2322.310641844957,0.007280644759832741,0.007280644759832741,True,False,False,,,
32,2112.492358988608,0.006259401201306237,0.006259401201306237,True,False,False,,,
32,2184.374548485691,0.006245162313209176,0.006245162313209176,True,False,False,,,
32,3862.9208113364825,0.0056229173435428485,0.0040644859007022555,True,False,False,,,
32,2207.687691025285,0.005572487877833078,0.005572487877833078,True,False,False,,,
32,2007.5832175604335,0.005442740816960317,0.005442740816960317,True,False,False,,,
32,1924.0444567935538,0.005334964689023156,0.005334964689023156,True,False,False,,,
32,913.8082800777994,0.005084172245700069,0.005084172245700069,True,False,False,,,
32,639.878855237566,0.005026101769147084,0.005026101769147084,True,False,False,,,
32,2247.514309530425,0.004754949580189911,0.004754949580189911,True,False,False,,,
32,1376.185607113087,0.004683953441102895,0.004683953441102895,True,False,False,,,
32,3057.6460127813284,0.004348982030056549,0.004348982030056549,True,False,False,,,
32,3730.8130036121147,0.004067583366889581,0.004067583366889581,True,False,False,,,
32,1907.5309808280078,0.004007965479347054,0.004007965479347054,True,False,False,,,
32,3902.7474298416228,0.0038851141069853184,0.0038851141069853184,True,False,False,,,
32,2233.9149763823284,0.0038666806008161303,0.0038666806008161303,True,False,False,,,
32,2095.007502083912,0.0038517495049644537,0.0038517495049644537,True,False,False,,,
32,3127.585440400111,0.003811175136000121,0.003811175136000121,True,False,False,,,
32,3848.350097249236,0.003782492850768572,0.003782492850768572,True,False,False,,,
32,1959.0141706029453,0.003672079466703688,0.003672079466703688,True,False,False,,,
32,3819.2086690747433,0.0036718004108313614,0.0036718004108313614,True,False,False,,,
32,3648.245623784385,0.003617474011355048,0.003617474011355048,True,False,False,,,
32,2136.776882467352,0.0033033476909762015,0.0033033476909762015,True,False,False,,,
32,3442.312864684635,0.003254743252063326,0.003254743252063326,True,False,False,,,
32,567.9966657404834,0.0032330694483614364,0.0032330694483614364,True,False,False,,,
32,2122.2061683801057,0.0032252251367527185,0.0032252251367527185,True,False,False,,,
32,2035.7532647957767,0.0030539540546384424,0.0030539540546384424,True,False,False,,,
32,2217.4015004167823,0.003001213600949154,0.003001213600949154,True,False,False,,,
32,586.452903584329,0.0029839996701512828,0.0029839996701512828,True,False,False,,,
32,3877.491525423729,0.0029257706822024034,0.0029257706822024034,True,False,False,,,
32,655.4209502639623,0.0029113497683230793,0.0029113497683230793,True,False,False,,,
32,2485.5026396221174,0.0027826899674496808,0.0027826899674496808,True,False,False,,,
32,3081.930536260072,0.0027529345134100075,0.0027529345134100075,True,False,False,,,
32,3779.3820505696026,0.0025820304397110062,0.0025820304397110062,True,False,False,,,
32,3521.9661016949153,0.0025729208308056944,0.0025729208308056944,True,False,False,,,
32,3944.5168102250627,0.0025619721241953615,0.0025619721241953615,True,False,False,,,
32,2256.2567379827733,0.0025523170477446885,0.0025523170477446885,True,False,False,,,
32,3754.126146151709,0.002458734461922355,0.002458734461922355,True,False,False,,,
32,1848.2767435398723,0.002456095853553393,0.002456095853553393,True,False,False,,,
32,2516.5868296749095,0.0024441237898258014,0.0024441237898258014,True,False,False,,,
32,2341.7382606279525,0.002354054370063155,0.002354054370063155,True,False,False,,,
32,1940.5579327591,0.0022928933160214215,0.0022928933160214215,True,False,False,,,
32,3974.629619338705,0.0022044150410490994,,False,False,False,,,
32,2380.5934981939427,0.002188501536806435,0.002188501536806435,True,False,False,,,
32,3687.1008613503755,0.002181235733047321,0.002181235733047321,True,False,False,,,
32,3661.844956932481,0.002162014913601625,0.002162014913601625,True,False,False,,,
32,3696.8146707418728,0.002139360622237678,0.002139360622237678,True,False,False,,,
32,2506.873020283412,0.00212093841724742,0.00212093841724742,True,False,False,,,
32,3618.132814670742,0.002110356200039385,0.002110356200039385,True,False,False,,,
32,2043.5243123089747,0.0020464922746957596,0.0020464922746957596,True,False,False,,,
32,,,,,,,93.0,92.0,True
33,1723.9399833287025,1.0,0.9293475005573206,True,True,False,,,
33,1167.3387051958878,0.8472316269771856,0.7296956958179708,True,False,False,,,
33,712.7324256737983,0.5818502820230149,0.5782306956808579,True,False,False,,,
33,1529.6637954987498,0.43002780685139025,0.43002780685139025,True,False,False,,,
33,1069.2292303417616,0.33806208704433666,0.33806208704433666,True,False,False,,,
33,509.71380939149765,0.19362385429189974,0.11902996945954408,True,False,True,,,
33,1219.793275909975,0.1933019034502126,0.1933019034502126,True,False,False,,,
33,2954.6796332314534,0.18415358549326055,0.1705490747604009,True,False,False,,,
33,1414.0694637399279,0.16641876681542503,0.16641876681542503,True,False,False,,,
33,1596.6890803000833,0.1587229096590097,0.1587229096590097,True,False,False,,,
33,770.0439010836344,0.13551861910225593,0.13551861910225593,True,False,False,,,
33,816.670186162823,0.10438286252315859,0.10438286252315859,True,False,False,,,
33,1311.1030841900529,0.10210959306080536,0.10210959306080536,True,False,False,,,
33,1451.9533203667686,0.10199571087029935,0.10199571087029935,True,False,False,,,
33,1138.1972770213947,0.0732505331516019,0.0732505331516019,True,False,False,,,
33,3332.5468185607115,0.07262139171955743,0.07262139171955743,True,False,False,,,
33,1252.820227841067,0.054379049172920246,0.054379049172920246,True,False,False,,,
33,1359.672131147541,0.047813896871020056,0.047813896871020056,True,False,False,,,
33,674.8485690469574,0.03665264303431659,0.03665264303431659,True,False,False,,,
33,847.7543762156155,0.03336414908849872,0.03336414908849872,True,False,False,,,
33,1271.2764656849126,0.03245552885249403,0.03245552885249403,True,False,False,,,
33,610.737427063073,0.029954569782223106,0.029954569782223106,True,False,False,,,
33,687.4765212559045,0.029718129462231013,0.029718129462231013,True,False,False,,,
33,1392.699083078633,0.028685198779528548,0.028685198779528548,True,False,False,,,
33,944.8924701305918,0.018200404141261728,0.018200404141261728,True,False,False,,,
33,2077.522645179217,0.01236724501613309,0.01236724501613309,True,False,False,,,
33,2873.083634342873,0.01164090934396314,0.01164090934396314,True,False,False,,,
33,3902.7474298416228,0.008590085562392498,0.004343413406082353,True,False,False,,,
33,2017.2970269519312,0.008189858938396799,0.008189858938396799,True,False,False,,,
33,1027.4598499583217,0.007821708434770813,0.007821708434770813,True,False,False,,,
33,585.4815226451792,0.007610088316850394,0.007610088316850394,True,False,False,,,
33,2005.640455682134,0.007136457723368959,0.007136457723368959,True,False,False,,,
33,2341.7382606279525,0.007118026807655529,0.007118026807655529,True,False,False,,,
33,1987.1842178382885,0.006432212118183544,0.006432212118183544,True,False,False,,,
33,2198.9452625729373,0.0059811608140088995,0.0059811608140088995,True,False,False,,,
33,2169.803834398444,0.005548623911469125,0.005548623911469125,True,False,False,,,
33,2027.0108363434288,0.005364207721145731,0.005364207721145731,True,False,False,,,
33,750.6162823006391,0.005194192955999655,0.005194192955999655,True,False,False,,,
33,3840.579049736038,0.005034414118902115,0.005034414118902115,True,False,False,,,
33,1957.0714087246458,0.004802668000341103,0.004802668000341103,True,False,False,,,
33,2160.0900250069462,0.004753998919885616,0.004753998919885616,True,False,False,,,
33,1907.5309808280078,0.004628219620992392,0.004628219620992392,True,False,False,,,
33,3033.3614893025842,0.004507850169452252,0.004507850169452252,True,False,False,,,
33,2141.6337871631013,0.004143695329403418,0.004143695329403418,True,False,False,,,
33,3724.984717977216,0.004015494176625379,0.004015494176625379,True,False,False,,,
33,3119.814392886913,0.0033811009815359616,0.0033811009815359616,True,False,False,,,
33,2209.6304529035842,0.003293937498161169,0.003293937498161169,True,False,False,,,
33,1997.869408168936,0.0032223238220308193,0.0032223238220308193,True,False,False,,,
33,3924.1178105029176,0.0031992520810054485,0.0025294849221145256,True,False,False,,,
33,3616.1900527924427,0.0031211100903455677,0.0031211100903455677,True,False,False,,,
33,2150.376215615449,0.003113141750454816,0.003113141750454816,True,False,False,,,
33,3783.267574326202,0.0030060305814200196,0.0030060305814200196,True,False,False,,,
33,2248.4856904695753,0.0026916643809258636,0.0026916643809258636,True,False,False,,,
33,1866.7329813837177,0.002684722372547438,0.002684722372547438,True,False,False,,,
33,2323.2820227841066,0.0026327890327191156,0.0026327890327191156,True,False,False,,,
33,3863.892192275632,0.0026254214243059716,0.0026254214243059716,True,False,False,,,
33,3633.6749096971384,0.0025528606889255873,0.0025528606889255873,True,False,False,,,
33,1972.6135037510421,0.002527791772429358,0.002527791772429358,True,False,False,,,
33,656.392331203112,0.0024499742142091163,0.0024499742142091163,True,False,False,,,
33,3526.8230063906644,0.0024314386165694424,0.0024314386165694424,True,False,False,,,
33,2112.492358988608,0.0023871330026300226,0.0023871330026300226,True,False,False,,,
33,2055.180883578772,0.0023547893392574636,0.0023547893392574636,True,False,False,,,
33,1924.0444567935538,0.0023379209862298064,0.0023379209862298064,True,False,False,,,
33,2376.707974437344,0.0022837226796235885,0.0022837226796235885,True,False,False,,,
33,3679.329813837177,0.002276089144336066,0.002276089144336066,True,False,False,,,
33,2179.5176437899418,0.0020766666126946966,0.0020766666126946966,True,False,False,,,
33,1979.4131703250903,0.0020596564458242594,0.0020596564458242594,True,False,False,,,
33,2042.552931369825,0.0020472073464306954,0.0020472073464306954,True,False,False,,,
33,,,,,,,68.0,68.0,True
34,1726.8541261461517,1.0,0.9315385006832965,True,True,False,,,
34,1165.3959433175883,0.904056228605832,0.7711663012968764,True,False,False,,,
34,1528.6924145596,0.4917622641659579,0.4917622641659579,True,False,False,,,
34,1069.2292303417616,0.41545576552690594,0.41545576552690594,True,False,False,,,
34,713.703806612948,0.3771978970550399,0.3708352793980513,True,False,False,,,
34,508.7424284523479,0.25619225606281293,0.15388484425269128,True,False,True,,,
34,1414.0694637399279,0.21048625519530112,0.21048625519530112,True,False,False,,,
34,1219.793275909975,0.1919037709379925,0.1919037709379925,True,False,False,,,
34,2954.6796332314534,0.18229439107887493,0.16696741680320976,True,False,False,,,
34,1596.6890803000833,0.17846075104982,0.17846075104982,True,False,False,,,
34,770.0439010836344,0.15936259306572043,0.15936259306572043,True,False,False,,,
34,816.670186162823,0.14584139621542833,0.14584139621542833,True,False,False,,,
34,1310.1317032509032,0.1175723548166191,0.1175723548166191,True,False,False,,,
34,3329.632675743262,0.08750969611688926,0.08750969611688926,True,False,False,,,
34,1451.9533203667686,0.08045171141146595,0.08045171141146595,True,False,False,,,
34,1138.1972770213947,0.06047420566501449,0.06047420566501449,True,False,False,,,
34,610.737427063073,0.04331785075465927,0.04331785075465927,True,False,False,,,
34,1252.820227841067,0.040475898544023114,0.040475898544023114,True,False,False,,,
34,674.8485690469574,0.03938588222625067,0.03938588222625067,True,False,False,,,
34,847.7543762156155,0.032147591154440214,0.032147591154440214,True,False,False,,,
34,960.4345651569881,0.027569903980623645,0.027569903980623645,True,False,False,,,
34,1701.5982217282578,0.024446050163308586,0.024446050163308586,True,False,False,,,
34,1369.3859405390385,0.02347477209129467,0.02347477209129467,True,False,False,,,
34,2873.083634342873,0.01338369721340138,0.01338369721340138,True,False,False,,,
34,2019.2397888302307,0.01314298599807356,0.01314298599807356,True,False,False,,,
34,2918.738538482912,0.011209653516245671,0.011209653516245671,True,False,False,,,
34,2079.465407057516,0.010972949331928161,0.010972949331928161,True,False,False,,,
34,686.5051403167547,0.010181126636807758,0.010181126636807758,True,False,False,,,
34,2184.374548485691,0.00722895174410915,0.00722895174410915,True,False,False,,,
34,1018.7174215059739,0.006981029527950822,0.006981029527950822,True,False,False,,,
34,915.751041956099,0.006083131909780604,0.006083131909780604,True,False,False,,,
34,649.5926646290636,0.005798030432745238,0.005798030432745238,True,False,False,,,
34,2322.310641844957,0.005738241433349216,0.005738241433349216,True,False,False,,,
34,1972.6135037510421,0.005425964864056216,0.005425964864056216,True,False,False,,,
34,1387.8421783828842,0.005348054938849961,0.005348054938849961,True,False,False,,,
34,1900.7313142539595,0.005317820183216221,0.005317820183216221,True,False,False,,,
34,3903.7188107807724,0.005187307204845452,0.0027032507358274865,True,False,False,,,
34,1959.0141706029453,0.005027786135664942,0.005027786135664942,True,False,False,,,
34,578.6818560711308,0.004969231395116347,0.004969231395116347,True,False,False,,,
34,3042.103917754932,0.004859881110462871,0.004859881110462871,True,False,False,,,
34,752.5590441789386,0.004290444558885331,0.004290444558885331,True,False,False,,,
34,3126.6140594609615,0.0041977179685252115,0.0041977179685252115,True,False,False,,,
34,2150.376215615449,0.0041494084007763984,0.0041494084007763984,True,False,False,,,
34,1925.0158377327036,0.003979668315734606,0.003979668315734606,True,False,False,,,
34,2170.775215337594,0.003771067579906309,0.003771067579906309,True,False,False,,,
34,1949.3003612114476,0.003617397930845201,0.003617397930845201,True,False,False,,,
34,2221.2870241733817,0.0031725723155108833,0.0031725723155108833,True,False,False,,,
34,2245.5715476521254,0.003080522497848407,0.003080522497848407,True,False,False,,,
34,2194.088357877188,0.003032963565214755,0.003032963565214755,True,False,False,,,
34,2349.5093081411505,0.0030033904140651935,0.0030033904140651935,True,False,False,,,
34,3444.255626562934,0.002984691578215126,0.002984691578215126,True,False,False,,,
34,2210.601833842734,0.0028986524117906275,0.0028986524117906275,True,False,False,,,
34,2377.6793553764937,0.0027627860866421376,0.0027627860866421376,True,False,False,,,
34,2106.6640733537097,0.0026374165013074036,0.0026374165013074036,True,False,False,,,
34,2054.209502639622,0.0025815453476644955,0.0025815453476644955,True,False,False,,,
34,3633.6749096971384,0.0025641361619430543,0.0025641361619430543,True,False,False,,,
34,3763.8399555432065,0.0025349346159927594,0.0025349346159927594,True,False,False,,,
34,2850.7418727424288,0.002409960148592488,0.002409960148592488,True,False,False,,,
34,3847.3787163100865,0.0023591451595345696,0.0023591451595345696,True,False,False,,,
34,2230.0294526257294,0.0023459574256872087,0.0023459574256872087,True,False,False,,,
34,2009.525979438733,0.0023230841487434303,0.0023230841487434303,True,False,False,,,
34,3722.0705751597666,0.002143219278331599,0.002143219278331599,True,False,False,,,
34,3949.3737149208114,0.002100206860478109,,False,False,False,,,
34,3862.9208113364825,0.0020277758218195975,0.0020277758218195975,True,False,False,,,
34,,,,,,,64.0,63.0,True
35,1136.2545151430954,1.0,0.791427911763898,True,True,False,,,
35,1729.768268963601,0.8925750392361157,0.8925750392361157,True,False,False,,,
35,1527.7210336204503,0.5516563821235628,0.5516563821235628,True,False,False,,,
35,1071.1719922200612,0.45733088631100904,0.45733088631100904,True,False,False,,,
35,713.703806612948,0.332334791271479,0.332334791271479,True,False,False,,,
35,508.7424284523479,0.2941722893810735,0.13745240932415592,True,False,True,,,
35,1414.0694637399279,0.22868061631948297,0.22868061631948297,True,False,False,,,
35,1219.793275909975,0.2021108032269151,0.2021108032269151,True,False,False,,,
35,1595.7176993609337,0.19751039850282034,0.19751039850282034,True,False,False,,,
35,769.0725201444845,0.17439309179654466,0.17439309179654466,True,False,False,,,
35,2953.7082522923033,0.16646752733815023,0.14850210699558786,True,False,False,,,
35,816.670186162823,0.15623049781633877,0.15623049781633877,True,False,False,,,
35,1309.1603223117531,0.11213296959919966,0.11213296959919966,True,False,False,,,
35,3328.6612948041125,0.09673449472615904,0.09673449472615904,True,False,False,,,
35,1452.9247013059185,0.08257758988762781,0.08257758988762781,True,False,False,,,
35,1379.0997499305363,0.06932200325801,0.06932200325801,True,False,False,,,
35,656.392331203112,0.047276111010216615,0.047276111010216615,True,False,False,,,
35,1161.5104195609892,0.04032837304942072,0.04032837304942072,True,False,False,,,
35,609.7660461239233,0.03501248369880611,0.03501248369880611,True,False,False,,,
35,1701.5982217282578,0.034955498037942734,0.034955498037942734,True,False,False,,,
35,848.7257571547652,0.03281851229147731,0.03281851229147731,True,False,False,,,
35,959.4631842178383,0.02348386157306359,0.02348386157306359,True,False,False,,,
35,1272.2478466240623,0.02297009182751164,0.02297009182751164,True,False,False,,,
35,914.7796610169491,0.020519077822333864,0.020519077822333864,True,False,False,,,
35,1251.848846901917,0.016597649579783047,0.016597649579783047,True,False,False,,,
35,2079.465407057516,0.015552499213586944,0.015552499213586944,True,False,False,,,
35,2017.2970269519312,0.012246679199476355,0.012246679199476355,True,False,False,,,
35,1018.7174215059739,0.01088384510676943,0.01088384510676943,True,False,False,,,
35,1989.126979716588,0.009841392694824907,0.009841392694824907,True,False,False,,,
35,2872.1122534037236,0.009608723475263647,0.009608723475263647,True,False,False,,,
35,687.4765212559045,0.009592887765930536,0.009592887765930536,True,False,False,,,
35,3902.7474298416228,0.008393205727302601,0.004857192486086209,True,False,False,,,
35,578.6818560711308,0.007628003278364381,0.007628003278364381,True,False,False,,,
35,1965.8138371769937,0.007477156194101284,0.007477156194101284,True,False,False,,,
35,2168.8324534592944,0.00729969247493616,0.00729969247493616,True,False,False,,,
35,2323.2820227841066,0.006996527054657611,0.006996527054657611,True,False,False,,,
35,673.8771881078078,0.006624005166649405,0.006624005166649405,True,False,False,,,
35,2182.4317866073907,0.006247395860596274,0.006247395860596274,True,False,False,,,
35,3120.7857738260627,0.006114508815673547,0.006114508815673547,True,False,False,,,
35,558.2828563489859,0.006025920429068937,0.006025920429068937,True,False,False,,,
35,1351.901083634343,0.005960321576403638,0.005960321576403638,True,False,False,,,
35,3840.579049736038,0.005595184236413236,0.005595184236413236,True,False,False,,,
35,2005.640455682134,0.005460455154257825,0.005460455154257825,True,False,False,,,
35,1900.7313142539595,0.005196677263372883,0.005196677263372883,True,False,False,,,
35,2038.667407613226,0.005122396441664675,0.005122396441664675,True,False,False,,,
35,544.6835232008891,0.004803414168063153,0.004803414168063153,True,False,False,,,
35,3735.6699083078634,0.004659540228982888,0.004659540228982888,True,False,False,,,
35,3042.103917754932,0.004442050210426103,0.004442050210426103,True,False,False,,,
35,1978.4417893859406,0.004387645894647033,0.004387645894647033,True,False,False,,,
35,2151.3475965545986,0.004175758797223431,0.004175758797223431,True,False,False,,,
35,2213.5159766601837,0.004171940516198536,0.004171940516198536,True,False,False,,,
35,1923.0730758544041,0.004105309948431404,0.004105309948431404,True,False,False,,,
35,3923.146429563768,0.004019129627203577,0.0032452783236621256,True,False,False,,,
35,2049.3525979438737,0.003968809895303014,0.003968809895303014,True,False,False,,,
35,3724.0133370380663,0.003512591868260334,0.003512591868260334,True,False,False,,,
35,2198.9452625729373,0.0034853615136900846,0.0034853615136900846,True,False,False,,,
35,3445.2270075020842,0.003404244267388168,0.003404244267388168,True,False,False,,,
35,1950.2717421505974,0.0033171075564514853,0.0033171075564514853,True,False,False,,,
35,3633.6749096971384,0.003302263673545979,0.003302263673545979,True,False,False,,,
35,2137.748263406502,0.003174936259417732,0.003174936259417732,True,False,False,,,
35,3615.2186718532926,0.003122461318027108,0.003122461318027108,True,False,False,,,
35,3862.9208113364825,0.0030234328975567853,0.0030234328975567853,True,False,False,,,
35,3524.8802445123647,0.002909461088681356,0.002909461088681356,True,False,False,,,
35,2919.709919422062,0.002889657421536962,0.002889657421536962,True,False,False,,,
35,3679.329813837177,0.002791908601390093,0.002791908601390093,True,False,False,,,
35,3756.0689080300085,0.002755288535026105,0.002755288535026105,True,False,False,,,
35,2349.5093081411505,0.002716331068150935,0.002716331068150935,True,False,False,,,
35,2067.8088357877186,0.0026899054875253424,0.0026899054875253424,True,False,False,,,
35,1848.2767435398723,0.0025201655215433376,0.0025201655215433376,True,False,False,,,
35,2222.2584051125314,0.002457527705980367,0.002457527705980367,True,False,False,,,
35,640.8502361767157,0.002311458557044621,0.002311458557044621,True,False,False,,,
35,3783.267574326202,0.0021968712237387285,0.0021968712237387285,True,False,False,,,
35,3693.9005279244234,0.002189592863866059,0.002189592863866059,True,False,False,,,
35,,,,,,,73.0,73.0,True
36,1728.7968880244514,1.0,0.9518552187523917,True,True,False,,,
36,1166.367324256738,0.8767328993178469,0.7680275232226887,True,False,False,,,
36,1527.7210336204503,0.40788908212721625,0.40788908212721625,True,False,False,,,
36,1074.0861350375103,0.3944061764514455,0.3944061764514455,True,False,False,,,
36,508.7424284523479,0.23439644654756642,0.14816968572230554,True,False,True,,,
36,770.0439010836344,0.18763816506745082,0.18763816506745082,True,False,False,,,
36,1414.0694637399279,0.17465205868249659,0.17465205868249659,True,False,False,,,
36,2956.6223951097527,0.16912077700724212,0.1567380502545534,True,False,False,,,
36,1218.8218949708253,0.15052645574362977,0.15052645574362977,True,False,False,,,
36,1595.7176993609337,0.14374911280880676,0.14374911280880676,True,False,False,,,
36,815.6988052236733,0.12132859116550809,0.12132859116550809,True,False,False,,,
36,1308.1889413726035,0.08750867653605263,0.08750867653605263,True,False,False,,,
36,648.6212836899139,0.06933305873577653,0.06933305873577653,True,False,False,,,
36,3329.632675743262,0.06676366499187915,0.06676366499187915,True,False,False,,,
36,1460.6957488191165,0.05158454753080077,0.05158454753080077,True,False,False,,,
36,1368.414559599889,0.051183310847495056,0.051183310847495056,True,False,False,,,
36,960.4345651569881,0.04994913579195098,0.04994913579195098,True,False,False,,,
36,1139.1686579605446,0.049674807220271844,0.049674807220271844,True,False,False,,,
36,1017.7460405668241,0.037365775986286764,0.037365775986286764,True,False,False,,,
36,1700.6268407891082,0.03711174882949797,0.03711174882949797,True,False,False,,,
36,609.7660461239233,0.02866992742328564,0.02866992742328564,True,False,False,,,
36,1252.820227841067,0.02811311864647431,0.02811311864647431,True,False,False,,,
36,846.7829952764657,0.02029017437709499,0.02029017437709499,True,False,False,,,
36,2873.083634342873,0.018295458612930637,0.018295458612930637,True,False,False,,,
36,2169.803834398444,0.010632718164799975,0.010632718164799975,True,False,False,,,
36,1395.6132258960824,0.01061589753788994,0.01061589753788994,True,False,False,,,
36,707.8755209780495,0.008933426071494416,0.008933426071494416,True,False,False,,,
36,2024.0966935259796,0.008713481272323608,0.008713481272323608,True,False,False,,,
36,2002.7263128646848,0.007473831004780274,0.007473831004780274,True,False,False,,,
36,749.6449013614892,0.007391769827671424,0.007391769827671424,True,False,False,,,
36,2183.4031675465408,0.007080464494983341,0.007080464494983341,True,False,False,,,
36,1964.8424562378439,0.0060234236428576456,0.0060234236428576456,True,False,False,,,
36,2079.465407057516,0.0051681002289046245,0.0051681002289046245,True,False,False,,,
36,2032.8391219783273,0.004684405930328518,0.004684405930328518,True,False,False,,,
36,2160.0900250069462,0.004464776527572977,0.004464776527572977,True,False,False,,,
36,915.751041956099,0.00439436675920174,0.00439436675920174,True,False,False,,,
36,3120.7857738260627,0.004282845412177452,0.004282845412177452,True,False,False,,,
36,2321.3392609058074,0.004116856999181172,0.004116856999181172,True,False,False,,,
36,1924.0444567935538,0.00408394079773176,0.00408394079773176,True,False,False,,,
36,548.5690469574882,0.004059669375923114,0.004059669375923114,True,False,False,,,
36,3902.7474298416228,0.003978190408409989,,False,False,False,,,
36,2151.3475965545986,0.0038910631472311224,0.0038910631472311224,True,False,False,,,
36,1909.4737427063073,0.003838445638678618,0.003838445638678618,True,False,False,,,
36,2141.6337871631013,0.0035483952851890514,0.0035483952851890514,True,False,False,,,
36,539.8266185051403,0.003521633107328309,0.003521633107328309,True,False,False,,,
36,3445.2270075020842,0.003021689851235441,0.003021689851235441,True,False,False,,,
36,638.9074742984162,0.0029182385579790138,0.0029182385579790138,True,False,False,,,
36,1987.1842178382885,0.0028074870387305127,0.0028074870387305127,True,False,False,,,
36,2247.514309530425,0.0027032858260421736,0.0027032858260421736,True,False,False,,,
36,3042.103917754932,0.0026738237674522533,0.0026738237674522533,True,False,False,,,
36,2230.0294526257294,0.0026350453076369185,0.0026350453076369185,True,False,False,,,
36,2050.3239788830233,0.002560668008106469,0.002560668008106469,True,False,False,,,
36,584.5101417060295,0.0025528962587039183,0.0025528962587039183,True,False,False,,,
36,2040.6101694915255,0.002077982475143861,0.002077982475143861,True,False,False,,,
36,2341.7382606279525,0.0020594082803048162,0.0020594082803048162,True,False,False,,,
36,,,,,,,55.0,54.0,True
37,1726.8541261461517,1.0,0.9305007350640843,True,True,False,,,
37,1165.3959433175883,0.915350378624218,0.7743789969331663,True,False,False,,,
37,1528.6924145596,0.576594051775591,0.576594051775591,True,False,False,,,
37,1076.02889691581,0.5213363666440456,0.5213363666440456,True,False,False,,,
37,508.7424284523479,0.27347913633872867,0.14877438467624254,True,False,True,,,
37,770.0439010836344,0.2520888314963999,0.2520888314963999,True,False,False,,,
37,1414.0694637399279,0.23617716982860582,0.23617716982860582,True,False,False,,,
37,1595.7176993609337,0.20667907215093897,0.20667907215093897,True,False,False,,,
37,1218.8218949708253,0.19608724574308745,0.19608724574308745,True,False,False,,,
37,2917.767157543762,0.19317559041591784,0.17643085251881355,True,False,False,,,
37,815.6988052236733,0.16017557006133373,0.16017557006133373,True,False,False,,,
37,1309.1603223117531,0.13479955544700523,0.13479955544700523,True,False,False,,,
37,3329.632675743262,0.10558908789003693,0.10558908789003693,True,False,False,,,
37,1137.225896082245,0.10154390115564704,0.10154390115564704,True,False,False,,,
37,609.7660461239233,0.09522701303775183,0.09522701303775183,True,False,False,,,
37,1700.6268407891082,0.09147676144208083,0.09147676144208083,True,False,False,,,
37,1456.8102250625175,0.05710474639267471,0.05710474639267471,True,False,False,,,
37,1017.7460405668241,0.04020118753435353,0.04020118753435353,True,False,False,,,
37,649.5926646290636,0.032933123047783286,0.032933123047783286,True,False,False,,,
37,847.7543762156155,0.028395512667788336,0.028395512667788336,True,False,False,,,
37,962.3773270352876,0.02279047581444754,0.02279047581444754,True,False,False,,,
37,1387.8421783828842,0.019703452594082432,0.019703452594082432,True,False,False,,,
37,2954.6796332314534,0.014940179114346058,0.014940179114346058,True,False,False,,,
37,1355.786607390942,0.014164502763072406,0.014164502763072406,True,False,False,,,
37,2849.7704918032787,0.011685818005493426,0.011685818005493426,True,False,False,,,
37,915.751041956099,0.011368653486545255,0.011368653486545255,True,False,False,,,
37,2005.640455682134,0.010713019425444852,0.010713019425444852,True,False,False,,,
37,2872.1122534037236,0.010241930027532695,0.010241930027532695,True,False,False,,,
37,2078.4940261183665,0.009875908638458853,0.009875908638458853,True,False,False,,,
37,1250.8774659627675,0.00924255535944496,0.00924255535944496,True,False,False,,,
37,1950.2717421505974,0.008977312150623546,0.008977312150623546,True,False,False,,,
37,2018.2684078910809,0.008923380325719111,0.008923380325719111,True,False,False,,,
37,1980.3845512642401,0.008386822047914796,0.008386822047914796,True,False,False,,,
37,534.9697138093915,0.00809809125220845,0.00809809125220845,True,False,False,,,
37,707.8755209780495,0.007519799898942803,0.007519799898942803,True,False,False,,,
37,3903.7188107807724,0.007433897331765003,0.0041064676869888225,True,False,False,,,
37,750.6162823006391,0.0073577429358548385,0.0073577429358548385,True,False,False,,,
37,2165.918310641845,0.007274045137902713,0.007274045137902713,True,False,False,,,
37,3121.757154765213,0.007064999312874062,0.007064999312874062,True,False,False,,,
37,578.6818560711308,0.006983949593285188,0.006983949593285188,True,False,False,,,
37,1989.126979716588,0.005642228533206402,0.005642228533206402,True,False,False,,,
37,2054.209502639622,0.005335298615084779,0.005335298615084779,True,False,False,,,
37,543.7121422617394,0.005093645002254593,0.005093645002254593,True,False,False,,,
37,2310.65407057516,0.0050116099567108635,0.0050116099567108635,True,False,False,,,
37,2200.8880244512366,0.004354996761038418,0.004354996761038418,True,False,False,,,
37,3042.103917754932,0.004235663190080535,0.004235663190080535,True,False,False,,,
37,3840.579049736038,0.0040182426935563564,0.0040182426935563564,True,False,False,,,
37,3735.6699083078634,0.003997631816161633,0.003997631816161633,True,False,False,,,
37,590.3384273409281,0.003984558701575269,0.003984558701575269,True,False,False,,,
37,1965.8138371769937,0.0037888533624725763,0.0037888533624725763,True,False,False,,,
37,2183.4031675465408,0.0037730182784530865,0.0037730182784530865,True,False,False,,,
37,2348.537927202001,0.0033748384073760025,0.0033748384073760025,True,False,False,,,
37,3931.8888580161156,0.003312090589535868,0.0029666734393644888,True,False,False,,,
37,2233.9149763823284,0.0032734861495261787,0.0032734861495261787,True,False,False,,,
37,2036.7246457349265,0.0032466230693119127,0.0032466230693119127,True,False,False,,,
37,1908.5023617671577,0.0030999163899080463,0.0030999163899080463,True,False,False,,,
37,3615.2186718532926,0.0030887749604589024,0.0030887749604589024,True,False,False,,,
37,2150.376215615449,0.0030455094228857066,0.0030455094228857066,True,False,False,,,
37,2209.6304529035842,0.0030214814445126033,0.0030214814445126033,True,False,False,,,
37,3679.329813837177,0.002958128790563782,0.002958128790563782,True,False,False,,,
37,3723.0419560989167,0.0028557164596077593,0.0028557164596077593,True,False,False,,,
37,1847.3053626007224,0.0026224156560668496,0.0026224156560668496,True,False,False,,,
37,2377.6793553764937,0.0026126159940113684,0.0026126159940113684,True,False,False,,,
37,3526.8230063906644,0.0025122501763925054,0.0025122501763925054,True,False,False,,,
37,2106.6640733537097,0.002459542511810995,0.002459542511810995,True,False,False,,,
37,3818.237288135593,0.0024496642785808743,0.0024496642785808743,True,False,False,,,
37,3872.6346207279803,0.0023316241982473535,0.0023316241982473535,True,False,False,,,
37,3754.126146151709,0.002320011291000474,0.002320011291000474,True,False,False,,,
37,2067.8088357877186,0.0023104053765977944,0.0023104053765977944,True,False,False,,,
37,3446.198388441234,0.0022703202725903593,0.0022703202725903593,True,False,False,,,
37,3862.9208113364825,0.0022523536740258927,0.0022523536740258927,True,False,False,,,
37,3648.245623784385,0.002222343715967131,0.002222343715967131,True,False,False,,,
37,3632.7035287579884,0.002170347417118513,0.002170347417118513,True,False,False,,,
37,3691.957766046124,0.0021635742032639384,0.0021635742032639384,True,False,False,,,
37,1649.1436510141707,0.002150980060666774,0.002150980060666774,True,False,False,,,
37,,,,,,,75.0,75.0,True
38,697.1903306474021,1.0,0.8807505158669157,True,True,False,,,
38,2918.738538482912,0.5471013825770775,0.5447315597624937,True,False,False,,,
38,964.3200889135871,0.4154557360709926,0.4154557360709926,True,False,False,,,
38,1451.9533203667686,0.23849047818663943,0.23849047818663943,True,False,False,,,
38,1105.1703250903029,0.2141548507141096,0.2141548507141096,True,False,False,,,
38,2849.7704918032787,0.1660345441174236,0.1660345441174236,True,False,False,,,
38,540.7979994442901,0.13863306272566017,0.08908070055164055,True,False,False,,,
38,909.9227563212003,0.1360748966427972,0.1360748966427972,True,False,False,,,
38,755.4731869963879,0.11589776679036748,0.11589776679036748,True,False,False,,,
38,1492.7513198110587,0.10110180539690386,0.10110180539690386,True,False,False,,,
38,1376.185607113087,0.06470716291283651,0.06470716291283651,True,False,False,,,
38,1600.5746040566826,0.04503060605821482,0.04503060605821482,True,False,False,,,
38,500.0,0.04439304567724761,,False,False,True,,,
38,3024.619060850236,0.026678348213863702,0.026678348213863702,True,False,False,,,
38,1638.4584606835233,0.022890997949024338,0.022890997949024338,True,False,False,,,
38,1739.4820783550988,0.02082943189926918,0.02082943189926918,True,False,False,,,
38,2164.9469297026953,0.018704989213552115,0.018704989213552115,True,False,False,,,
38,1028.4312308974716,0.01664081588130878,0.01664081588130878,True,False,False,,,
38,993.46151708808,0.015403829382081069,0.015403829382081069,True,False,False,,,
38,3060.5601555987773,0.014070879444963113,0.014070879444963113,True,False,False,,,
38,509.71380939149765,0.013970601707934682,0.013970601707934682,True,False,True,,,
38,2026.0394554042791,0.012971686466696636,0.012971686466696636,True,False,False,,,
38,1979.4131703250903,0.012937619822346234,0.012937619822346234,True,False,False,,,
38,3301.462628507919,0.012446776921141767,0.012446776921141767,True,False,False,,,
38,2151.3475965545986,0.010838598675623614,0.010838598675623614,True,False,False,,,
38,3005.191442067241,0.010674831855833844,0.010674831855833844,True,False,False,,,
38,1949.3003612114476,0.009821394543933656,0.009821394543933656,True,False,False,,,
38,617.5370936371214,0.009798678408515754,0.009798678408515754,True,False,False,,,
38,1312.0744651292025,0.009380780647589987,0.009380780647589987,True,False,False,,,
38,1541.3203667685468,0.008252504321388816,0.008252504321388816,True,False,False,,,
38,2080.4367879966658,0.008050856845407064,0.008050856845407064,True,False,False,,,
38,2181.460405668241,0.007959142787024524,0.007959142787024524,True,False,False,,,
38,2001.754931925535,0.007712728875395116,0.007712728875395116,True,False,False,,,
38,1866.7329813837177,0.006728623055954018,0.006728623055954018,True,False,False,,,
38,2209.6304529035842,0.006420337815648674,0.006420337815648674,True,False,False,,,
38,873.981661572659,0.005722061522791241,0.005722061522791241,True,False,False,,,
38,2040.6101694915255,0.005706994471693677,0.005706994471693677,True,False,False,,,
38,2140.662406223951,0.005640515975301423,0.005640515975301423,True,False,False,,,
38,839.0119477632676,0.005620467431359508,0.005620467431359508,True,False,False,,,
38,1583.0897471519868,0.0055861322854383055,0.0055861322854383055,True,False,False,,,
38,1959.0141706029453,0.0053456931030777845,0.0053456931030777845,True,False,False,,,
38,2318.425118088358,0.005211528479554889,0.005211528479554889,True,False,False,,,
38,3649.2170047235345,0.0052111496498757565,0.0052111496498757565,True,False,False,,,
38,1798.7363156432343,0.00519319080749058,0.00519319080749058,True,False,False,,,
38,2106.6640733537097,0.004930328675859252,0.004930328675859252,True,False,False,,,
38,2016.3256460127814,0.004879500993780952,0.004879500993780952,True,False,False,,,
38,2245.5715476521254,0.004527972390264319,0.004527972390264319,True,False,False,,,
38,3903.7188107807724,0.004493223544667064,0.0035301912391951596,True,False,False,,,
38,596.1667129758266,0.004096771187676096,0.004096771187676096,True,False,False,,,
38,2224.2011669908306,0.0039694169068995415,0.0039694169068995415,True,False,False,,,
38,3079.987774381773,0.0037462139637886825,0.0037462139637886825,True,False,False,,,
38,1925.0158377327036,0.0037088772563388635,0.0037088772563388635,True,False,False,,,
38,2360.1944984717975,0.003329189400488026,0.003329189400488026,True,False,False,,,
38,3724.0133370380663,0.0030272290026719137,0.0030272290026719137,True,False,False,,,
38,3943.545429285913,0.0026954693278675836,0.0023513883762726483,True,False,False,,,
38,3616.1900527924427,0.002669762542647049,0.002669762542647049,True,False,False,,,
38,1970.6707418727424,0.002627635348224182,0.002627635348224182,True,False,False,,,
38,2054.209502639622,0.002482153881052845,0.002482153881052845,True,False,False,,,
38,1910.4451236454572,0.0023268800287069673,0.0023268800287069673,True,False,False,,,
38,627.2509030286191,0.002305535551833285,0.002305535551833285,True,False,False,,,
38,2008.5545984995833,0.0021639469773264315,0.0021639469773264315,True,False,False,,,
38,3586.0772436787997,0.0020879150640150963,0.0020879150640150963,True,False,False,,,
38,1887.131981105863,0.002047004848954214,0.002047004848954214,True,False,False,,,
38,2369.9083078632957,0.0020244836097495136,0.0020244836097495136,True,False,False,,,
38,,,,,,,64.0,63.0,True
